Grupo,Nombre del Evento,Tipo,Lugar,Institución,Participación,Ámbito,Año,Mes,Día,Palabras,Area,Sectores
NATURATU,Congreso Internacional de Ingeniería Industrial 2021, Congreso ,CIUDAD DE MEXICO, Instituto Tecnológico de Tlalnepantla, Ponente Magistral, Nacional, 2021,12,01 ,,,
NATURATU,Semana de investigación universitaria SIU 2020, Otro ,IBAGUÉ, UNIVERSIDAD DE IBAGUÉ, Ponente, Nacional, 2020,12,03 ,,,
NATURATU,1º Congreso Internacional de Desarrollo Regional, Congreso ,IBAGUÉ, UNIVERSIDAD DE IBAGUÉ, Ponente, Internacional, 2020,10,22 ,,,
NATURATU,VIII Congreso Latinoamericano de Plantas Medicinales, Congreso ,Cuenca, Universidad Austral de Chile, Ponente, Internacional, 2020,10,15 ,,,
NATURATU,IV Congreso Nacional de Liquenología del Perú y I Congreso Nacional de Lomas, Congreso ,Lima, UNIVERSIDAD DE IBAGUÉ, Ponente, Nacional, 2020,09,18 ,,,
NATURATU,"I Seminario colombiano en Investigación, Manejo productivo y Conservación de Crocodylidos y Quelonios", Seminario ,SINCELEJO, UNIVERSIDAD DE SUCRE, Ponente Magistral, Nacional, 2020,07,10 ,,,
NATURATU,"Reunión Anual Conjunta de las Sociedades de Biología, Botánica, Ecología y Evolución de Chile", Congreso ,Valdivia, UNIVERSIDAD DE IBAGUÉ, Ponente, Nacional, 2020,03,11 ,,,
NATURATU,"Reunión Anual Conjunta de las Sociedades de Biología, Botánica, Ecología y Evolución de Chile", Congreso ,Valdivia, UNIVERSIDAD DE IBAGUÉ, Ponente, Nacional, 2020,03,11 ,,,
NATURATU,ReBrain International Conference, Congreso ,Valdivia, Universidad Austral de Chile, Ponente, Internacional, 2020,01,22 ,,,
NATURATU,Annual Conference on Magnetism and Magnetic Materials MMM2019, Congreso ,Las Vegas, UNIVERSIDAD DE IBAGUÉ, Ponente, Internacional, 2019,11,04 ,,,
NATURATU,XII Congreso Colombiano de Métodos Numéricos, Congreso ,"BOGOTÁ, D.C.", UNIVERSIDAD DE IBAGUÉ, Ponente, Internacional, 2019,10,23 ,,,
NATURATU,XII Congreso Colombiano de Métodos Numéricos, Congreso ,"BOGOTÁ, D.C.", UNIVERSIDAD DE IBAGUÉ, Ponente, Internacional, 2019,10,23 ,,,
NATURATU,Congreso Colombiano de Servicios Ecosistémicos, Congreso ,CAJICÁ, UNIVERSIDAD DE IBAGUÉ, Ponente, Nacional, 2019,10,07 ,,,
NATURATU,V ENCUENTRO INTERNACIONAL SOBRE LA ENSEÑANZA DE LAS CIENCIAS EXACTAS Y NATURALES: INTEGRACION DE LAS CIENCIAS Y LA TECNOLOGÍA COMO TENDENCIA EDUCATIVA, Encuentro ,PEREIRA, UNIVERSIDAD CATOLICA DE PEREIRA, Ponente, Internacional, 2019,09,12 ,,,
NATURATU,XXVIII congreso nacional de física, Congreso ,ARMENIA, UNIVERSIDAD DE IBAGUÉ, Ponente, Nacional, 2019,09,09 ,,,
NATURATU,Conferencia Colombiana de Usuarios Esri 2019, Congreso ,"BOGOTÁ, D.C.", ESRI COLOMBIA S.A.S., Asistente, Nacional, 2019,09,01 ,,,
NATURATU,"VI Congreso internacional Industria, Organizaciones y logística: "" Impactos y Perspectivas de la cuarta revolución industrial""", Congreso ,CARTAGENA DE INDIAS, UNIVERSIDAD DE IBAGUÉ, Ponente, Internacional, 2019,08,22 ,,,
NATURATU,I Congreso internacional de ciencia y tecnología en el trópico: Aguacate Hass y Cacao, Encuentro ,IBAGUÉ, UNIVERSIDAD DE IBAGUÉ, Ponente, Internacional, 2019,08,12 ,,,
NATURATU,XLII Conference of Application of Digital Image Processing. SPIE. Optic + Photonics. Optical Engineering. The International photonics and Applications., Congreso ,San Diego, UNIVERSIDAD DE IBAGUÉ, Ponente, Internacional, 2019,08,12 ,,,
NATURATU,2º Congreso Latinoamericano de biogeografía, Congreso ,Quito, UNIVERSIDAD DE IBAGUÉ, Ponente, Internacional, 2019,08,05 ,,,
NATURATU,XI ESCUELA DE VERANO - SEMINARIO ETICA PROFESIONAL: COMO TRABAJAR EN EL AULA, Seminario ,IBAGUÉ, UNIVERSIDAD DE IBAGUÉ, Asistente, Nacional, 2019,07,22 ,,,
NATURATU,IV Escuela Colombiana de Espectroscopia Mössbauer, Congreso ,IBAGUÉ, UNIVERSIDAD DEL TOLIMA, Organizador, Nacional, 2019,07,10 ,,,
NATURATU,IV ESCUELA COLOMBIANA DE ESPECTROSCOPIA MOSSBAUER, Otro ,IBAGUÉ, UNIVERSIDAD DE IBAGUÉ, Asistente, Nacional, 2019,07,10 ,,,
NATURATU,IbPRIA 2019: 9th Iberian Conference on Pattern Recognition and Image Analysis, Congreso ,Madrid, UNIVERSIDAD DE IBAGUÉ, Ponente, Internacional, 2019,07,01 ,,,
NATURATU,10th Texas Tech Annual Biological Science Symposium (TTABSS), Simposio ,Lubbock, Texas Tech University, Ponente, Internacional, 2019,04,26 ,,,
NATURATU,Taxonomic Herpetological Group (TAG) Meeting, Encuentro ,Chattanooga, UNIVERSIDAD DE IBAGUÉ, Ponente, Internacional, 2019,04,08 ,,,
NATURATU,Cátedra Inaugural: De la investigación básica a la investigación aplicada, Seminario ,IBAGUÉ, UNIVERSIDAD DE IBAGUÉ, Organizador, Nacional, 2019,02,15 ,,,
NATURATU,"II Simposio sobre crocodílidos de Colombia, nuevas oportunidades", Simposio ,"BOGOTÁ, D.C.", UNIVERSIDAD DE IBAGUÉ, Organizador, Nacional, 2018,12,05 ,,,
NATURATU,V Congreso Colombiano de Zoología, Congreso ,"BOGOTÁ, D.C.", UNIVERSIDAD DE IBAGUÉ, Ponente, Nacional, 2018,12,03 ,,,
NATURATU,V Congreso Colombiano de Zoología, Congreso ,"BOGOTÁ, D.C.", UNIVERSIDAD DE IBAGUÉ, Ponente, Nacional, 2018,12,03 ,,,
NATURATU,V Congreso Colombiano de Zoología, Congreso ,"BOGOTÁ, D.C.", UNIVERSIDAD DE IBAGUÉ, Ponente, Nacional, 2018,12,03 ,,,
NATURATU,Congreso Colombiano de Zoología., Congreso ,"BOGOTÁ, D.C.", UNIVERSIDAD DE IBAGUÉ, Ponente, Nacional, 2018,12,03 ,,,
NATURATU,V Congreso Colombiano de Zoología, Congreso ,"BOGOTÁ, D.C.", UNIVERSIDAD DE IBAGUÉ, Ponente, Nacional, 2018,12,03 ,,,
NATURATU,II Congreso Colombiano de Herpetología, Congreso ,"BOGOTÁ, D.C.", UNIVERSIDAD DE IBAGUÉ, Ponente, Nacional, 2018,12,03 ,,,
NATURATU,23rd Iberoamerican Congres on Partern Recognition (CIARP-2018), Congreso ,Madrid, UNIVERSIDAD DE IBAGUÉ, Ponente, Internacional, 2018,11,19 ,,,
NATURATU,8º Conferencia Latinoamericana y Caribeña de Ciencias Sociales, Congreso ,Buenos Aires, Consejo Latinoamericano De Ciencias Sociales - Clacso, Ponente, Internacional, 2018,11,19 ,,,
NATURATU,XIII SIMPOSIO LATINOAMERICANO DE QUÍMICA ANALÍTICA y AMBIENTAL (XIII LASEAC) y XIV ENCUENTRO DE QUÍMICA ANALÍTICA Y AMBIENTAL (XIV EQAA), Simposio ,La Serena, UNIVERSIDAD DE IBAGUÉ, Ponente Magistral, Internacional, 2018,11,12 ,,,
NATURATU,"Congreso Internacional de Orquídeas, Biodiversidad y Educación (CIOBE)", Congreso ,VILLAVICENCIO, UNIVERSIDAD DE IBAGUÉ, Ponente, Internacional, 2018,11,03 ,,,
NATURATU,IEEE SENSORS 2018, Congreso ,Nueva Delhi, UNIVERSIDAD DE IBAGUÉ, Ponente, Internacional, 2018,10,28 ,,,
NATURATU,Taller Básico de Taxidermia, Taller ,IBAGUÉ, Asociación Tolimense de Ornitología ANTHOCEPHALA," Asistente , Organizador", Nacional, 2018,10,25 ,,,
NATURATU,"XVIII Congreso Latinoamericano de Control Automático, CLCA 2018", Congreso ,Quito, UNIVERSIDAD DE IBAGUÉ, Ponente, Internacional, 2018,10,24 ,,,
NATURATU,XIII Taller y Simposio Latinoamericano de Digestión Anaerobia (DAAL XIII), Simposio ,MEDELLÍN, UNIVERSIDAD DE IBAGUÉ, Ponente, Internacional, 2018,10,21 ,,,
NATURATU,XII Congreso Latinoamericano de Botánica, Congreso ,Quito, UNIVERSIDAD DEL TOLIMA, Ponente, Internacional, 2018,10,21 ,,,
NATURATU,II Workshop Internacional: Investigación en Imaginarios y Representaciones, Congreso ,CONCEPCIÓN, UNIVERSIDAD DE IBAGUÉ, Ponente, Internacional, 2018,10,17 ,,,
NATURATU,Congreso Iberoamericano de Química y  XXIX Congreso Peruano de Química, Congreso ,Lima, UNIVERSIDAD DE IBAGUÉ, Ponente, Internacional, 2018,10,16 ,,,
NATURATU,III Taller de productores de café con buenas prácticas agrícolas  de la vereda el Paraíso del municipio de Líbano para evaluar la resiliencia de los sistemas agrícolas, Taller ,LÍBANO, UNIVERSIDAD DE IBAGUÉ," Compilador de memorias , Organizador", Nacional, 2018,10,05 ,,,
NATURATU,III Congreso Colombiano de Electroquímica, Congreso ,CALI, UNIVERSIDAD DE IBAGUÉ, Ponente, Nacional, 2018,10,02 ,,,
NATURATU,III Congreso Colombiano de Electroquímica, Congreso ,CALI, UNIVERSIDAD DE IBAGUÉ, Ponente, Nacional, 2018,10,02 ,,,
NATURATU,III Congreso Colombiano de Electroquímica, Congreso ,CALI, UNIVERSIDAD DE IBAGUÉ, Ponente Magistral, Nacional, 2018,10,02 ,,,
NATURATU,45 Congreso de la Sociedad Colombiana de Entomología, Congreso ,CALI, UNIVERSIDAD DE IBAGUÉ, Ponente, Nacional, 2018,07,11 ,,,
NATURATU,45 Congreso de la Sociedad Colombiana de Entomología, Congreso ,CALI, UNIVERSIDAD DE IBAGUÉ, Ponente, Nacional, 2018,07,11 ,,,
NATURATU,45 Congreso de la Sociedad Colombiana de Entomología, Congreso ,CALI, UNIVERSIDAD DE IBAGUÉ, Ponente, Nacional, 2018,07,11 ,,,
NATURATU,45 Congreso de la Sociedad Colombiana de Entomología, Congreso ,CALI, UNIVERSIDAD DE IBAGUÉ, Ponente, Nacional, 2018,07,11 ,,,
NATURATU,45 Congreso de la Sociedad Colombiana de Entomología, Otro ,CALI, UNIVERSIDAD DE IBAGUÉ, Ponente, Nacional, 2018,07,11 ,,,
NATURATU,24th IUPAC International Conference on Physical Organic Chemistry, Congreso ,Algarve, UNIVERSIDAD DE IBAGUÉ, Ponente, Internacional, 2018,07,01 ,,,
NATURATU,II Taller de productores de café con buenas prácticas agrícolas  de la vereda Calambeo del municipio de Ibagué para evaluar la resiliencia de los sistemas agrícolas, Taller ,IBAGUÉ, Unibague, Organizador, Nacional, 2018,05,18 ,,,
NATURATU,"V Simposio regional de biología: biología y ciencias ambientales, aportes y oportunidades", Simposio ,PEREIRA, UNIVERSIDAD DE IBAGUÉ, Ponente, Nacional, 2018,05,09 ,,,
NATURATU,18ème colloque international de l¿EOCCE (European Orchid Council Conference and Exhibition), Encuentro ,Paris, UNIVERSIDAD DE IBAGUÉ, Ponente, Internacional, 2018,03,23 ,,,
NATURATU,The 2018 Joint Conference of the Condensed Matter Divisions of the DPG and the EPS (DPG 2018), Congreso ,Berlin, UNIVERSIDAD DEL VALLE, Asistente, Internacional, 2018,02,26 ,,,
NATURATU,II Encuentro Internacional Virtual y Académico de Ciencias Ambientales, Encuentro ,"BOGOTÁ, D.C.", UNIVERSIDAD NACIONAL ABIERTA Y A DISTANCIA, Ponente, Internacional, 2017,11,23 ,,,
NATURATU,II Encuentro Internacional Virtual y Académico de Ciencias Ambientales, Encuentro ,"BOGOTÁ, D.C.", UNIVERSIDAD DE IBAGUÉ, Ponente, Nacional, 2017,11,23 ,,,
NATURATU,"1er Foro de desarrollo sostenible, Un reto para el siglo XXI", Otro ,IBAGUÉ, Universidad Nacional Abierta Y A Distancia - Unad - Sede Ibagué, Ponente Magistral, Nacional, 2017,11,18 ,,,
NATURATU,I Taller de productores café y banano orgánico de la vereda Perico del municipio de Ibagué para evaluar la resiliencia de los sistemas agrícolas, Taller ,IBAGUÉ, Unibague, Organizador, Nacional, 2017,11,16 ,,,
NATURATU,IX CONGRESO INTERNACIONAL DE MATERIALES CIM 2017, Congreso ,BARRANQUILLA, UNIVERSIDAD DE LOS ANDES, Ponente, Internacional, 2017,11,14 ,,,
NATURATU,"Workshop Paguicidas, abejas y servicios ambientales: futuro de la polinización", Encuentro ,IBAGUÉ, UNIVERSIDAD DE IBAGUÉ," Asistente , Compilador de memorias , Organizador", Nacional, 2017,11,10 ,,,
NATURATU,"Workshop Plaguicidas, abejas y servicios ambientales: futuro de la Polinización", Otro ,IBAGUÉ,, Asistente, Nacional, 2017,11,10 ,,,
NATURATU,THE 22nd WORLD ORCHID CONFERENCE, Encuentro ,Guayaquil, UNIVERSIDAD DE IBAGUÉ, Ponente, Internacional, 2017,11,08 ,,,
NATURATU,6to Congreso de Aviturismo, Congreso ,MANIZALES, COTELCO capitulo Caldas," Asistente , Ponente", Nacional, 2017,11,01 ,,,
NATURATU,XXI Congreso de la Sociedad Mesoamericana para la Biología y la Conservación, Congreso ,San José, UNIVERSIDAD DE IBAGUÉ, Ponente, Internacional, 2017,10,30 ,,,
NATURATU,52 Congreso Nacional de Ciencias Biológicas, Congreso ,CALI, UNIVERSIDAD DE CALDAS, Ponente, Nacional, 2017,10,09 ,,,
NATURATU,52 Congreso Nacional de Ciencias Biológicas, Congreso ,CALI, UNIVERSIDAD DE IBAGUÉ, Ponente, Nacional, 2017,10,09 ,,,
NATURATU,Primer Encuentro de Ciencias Agropecuarias, Encuentro ,FUSAGASUGÁ, UNIVERSIDAD DE CUNDINAMARCA, Ponente Magistral, Internacional, 2017,09,28 ,,,
NATURATU,Semana de investigación universitaria SIU 2017, Otro ,IBAGUÉ, UNIVERSIDAD DE IBAGUÉ, Ponente, Nacional, 2017,09,27 ,,,
NATURATU,Semana de Investigación Universitaria, Encuentro ,IBAGUÉ, UNIVERSIDAD DE IBAGUÉ, Ponente, Nacional, 2017,09,27 ,,,
NATURATU,Semana de Investigación Universitaria SIU 2017, Encuentro ,IBAGUÉ, UNIVERSIDAD DE IBAGUÉ, Ponente, Nacional, 2017,09,27 ,,,
NATURATU,SEMANA DE INVESTIGACIÓN UNIVERSITARIA SIU 2017, Otro ,IBAGUÉ, UNIVERSIDAD DE IBAGUÉ, Ponente, Nacional, 2017,09,27 ,,,
NATURATU,"19th International Symposium on Wood, Fibre and Pulping Chemistry", Simposio ,Porto Seguro, Universidade Federal De Viçosa, Ponente, Internacional, 2017,08,30 ,,,
NATURATU,IX CONGRESO COLOMBIANO DE BOTÁNICA, Congreso ,TUNJA, UNIVERSIDAD DE IBAGUÉ, Ponente, Nacional, 2017,07,30 ,,,
NATURATU,IX CONGRESO COLOMBIANO DE BOTÁNICA, Congreso ,TUNJA, UNIVERSIDAD DE IBAGUÉ, Ponente, Nacional, 2017,07,30 ,,,
NATURATU,IX CONGRESO COLOMBIANO DE BOTÁNICA, Congreso ,TUNJA, UNIVERSIDAD DE IBAGUÉ, Ponente, Nacional, 2017,07,30 ,,,
NATURATU,IX CONGRESO COLOMBIANO DE BOTÁNICA, Congreso ,TUNJA, UNIVERSIDAD DE IBAGUÉ, Ponente, Nacional, 2017,07,30 ,,,
NATURATU,IX Congreso Colombiano de Botánica, Congreso ,TUNJA, Asociaciòn Colombiana de Botánica, Ponente, Nacional, 2017,07,30 ,,,
NATURATU,IX congreso de Botánica, Congreso ,TUNJA, UNIVERSIDAD DE IBAGUÉ, Ponente, Nacional, 2017,07,30 ,,,
NATURATU,IX Congreso Colombiano de Botánica, Congreso ,Ciudad de México , UNIVERSIDAD DE IBAGUÉ, Ponente, Nacional, 2017,07,30 ,,,
NATURATU,IX Congreso Colombiano de Botánica, Congreso ,TUNJA, UNIVERSIDAD DE IBAGUÉ, Ponente, Nacional, 2017,07,30 ,,,
NATURATU,VII Congreso Internacional de Métodos Numéricos en Ingenierías, Congreso ,Guadalajara, UNIVERSIDAD DE IBAGUÉ, Ponente, Internacional, 2017,06,12 ,,,
NATURATU,Taller: Reconstrucción de la historia agrícola de la cuenca del río Anaime, Taller ,CAJAMARCA, UNIVERSIDAD DE IBAGUÉ, Organizador, Nacional, 2017,05,27 ,,,
NATURATU,XV ENCUENTRO DEPARTAMENTAL DE SEMILLEROS DE INVESTIGACIÓN REDCOLSI NODO TOLIMA Y III DE CULTURA CIENTIFICA 2017, Encuentro ,IBAGUÉ, Gobernación Del Tolima, Ponente, Nacional, 2017,05,12 ,,,
NATURATU,14th Latin American Conference on Physical Organic Chemistry, Congreso ,Valparaíso, Pontificia Universidad Católica De Chile, Ponente, Internacional, 2017,05,07 ,,,
NATURATU,14th Latin American Conference on Physical Organic Chemistry, Congreso ,Valparaíso, UNIVERSIDAD DE IBAGUÉ, Ponente, Internacional, 2017,05,07 ,,,
NATURATU,14th Latin american Conference on Physical Organic Chemistry, Congreso ,Valparaíso, UNIVERSIDAD DE IBAGUÉ, Ponente, Internacional, 2017,05,07 ,,,
NATURATU,XII Simposio Latinoamericano de Química Analítica y Medioambiente, Simposio ,MANIZALES, UNIVERSIDAD DE IBAGUÉ, Ponente, Internacional, 2017,04,25 ,,,
NATURATU,XII Simposio Latinoamericano de Química Analítica y Medioambiente, Simposio ,MANIZALES, UNIVERSIDAD DE IBAGUÉ, Ponente, Internacional, 2017,04,25 ,,,
NATURATU,CONGRESO COLOMBIANO DE ECOLOGÍA, Congreso ,"BOGOTÁ, D.C.", PONTIFICIA UNIVERSIDAD JAVERIANA," Asistente , Ponente", Nacional, 2016,11,29 ,,,
NATURATU,Congreso Colombiano de Ecología, Congreso ,"BOGOTÁ, D.C.", UNIVERSIDAD DE IBAGUÉ, Ponente, Nacional, 2016,11,29 ,,,
NATURATU,I Congreso Colombiano de Ecología, Congreso ,"BOGOTÁ, D.C.", UNIVERSIDAD DE IBAGUÉ, Ponente, Nacional, 2016,11,29 ,,,
NATURATU,I Congreso Colombiano de Ecología, Congreso ,"BOGOTÁ, D.C.", Arasarí Conservación e Investigación S.A.S., Ponente, Nacional, 2016,11,28 ,,,
NATURATU,VI Congreso Iberoamericano de Química Analítica y Ambiental CIAQA 2016, Congreso ,Cancún, UNIVERSIDAD DE IBAGUÉ, Ponente, Internacional, 2016,11,15 ,,,
NATURATU,V CONGRESO COLOMBIANO DE ORNITOLOGÍA, Congreso ,MEDELLÍN, Asociación Colombiana De Ornitología," Asistente , Ponente", Nacional, 2016,11,08 ,,,
NATURATU,V CONGRESO COLOMBIANO DE ORNITOLOGÍA, Congreso ,MEDELLÍN, Asociación Colombiana De Ornitología," Asistente , Ponente", Nacional, 2016,11,08 ,,,
NATURATU,V Congreso Colombiano de Ornitología, Congreso ,MEDELLÍN, UNIVERSIDAD DE ANTIOQUIA," Compilador de memorias , Organizador , Ponente", Nacional, 2016,11,08 ,,,
NATURATU,Congreso Colombiano de Ecología, Congreso ,"BOGOTÁ, D.C.", PONTIFICIA UNIVERSIDAD JAVERIANA, Ponente, Nacional, 2016,10,28 ,,,
NATURATU,Congreso Colombiano de Ecología, Congreso ,"BOGOTÁ, D.C.", PONTIFICIA UNIVERSIDAD JAVERIANA, Ponente, Nacional, 2016,10,28 ,,,
NATURATU,XIII SIMPOSIO INTERNACIONAL DE INVESTIGACIÓN FORMATIVA, Simposio ,CÚCUTA, UNIVERSIDAD DE IBAGUÉ, Ponente, Internacional, 2016,10,14 ,,,
NATURATU,II Congreso Colombiano de Electroquímica, Congreso ,BUCARAMANGA, UNIVERSIDAD DE IBAGUÉ, Ponente, Nacional, 2016,10,04 ,,,
NATURATU,6ta Semana de Investigación Universitaria, Otro ,IBAGUÉ, UNIVERSIDAD DE IBAGUÉ, Ponente, Nacional, 2016,09,21 ,,,
NATURATU,Semana de Investigación Universitaria SIU2016, Encuentro ,IBAGUÉ, UNIVERSIDAD DE IBAGUÉ, Ponente, Nacional, 2016,09,21 ,,,
NATURATU,Semana de Investigación Universitaria SIU 2016, Otro ,IBAGUÉ, UNIVERSIDAD DE IBAGUÉ, Ponente, Nacional, 2016,09,21 ,,,
NATURATU,VI Semana de Investigación Universitaria 2016, Otro ,IBAGUÉ, UNIVERSIDAD DE IBAGUÉ, Ponente, Nacional, 2016,09,20 ,,,
NATURATU,SIU-SEMANA INVESTIGACION UNIVERSITARIA, Encuentro ,IBAGUÉ, UNIVERSIDAD DE IBAGUÉ, Ponente, Nacional, 2016,09,20 ,,,
NATURATU,Seminario de Formación en Investigación IV de Cultura Científica y VIII de la RedCOLSI Nodo Tolima, Seminario ,IBAGUÉ, FUNDACION REDCOLSI NODO TOLIMA, Asistente, Nacional, 2016,09,10 ,,,
NATURATU,5Th International workshop on image analysis methods for the plant sciences., Congreso ,Angers, UNIVERSIDAD DE IBAGUÉ, Ponente, Internacional, 2016,09,05 ,,,
NATURATU,OSA Latin America Optics & Photonics Conference (LAOP), Congreso ,MEDELLÍN, UNIVERSIDAD DE IBAGUÉ, Asistente, Internacional, 2016,08,22 ,,,
NATURATU, Latin American Optics and Photonics (LAOP) Conference, Congreso ,MEDELLÍN, UNIVERSIDAD DE IBAGUÉ, Ponente, Internacional, 2016,08,22 ,,,
NATURATU,VI Encuentro Nacional de Matemáticas y Estadística, Encuentro ,IBAGUÉ, UNIVERSIDAD DE IBAGUÉ, Ponente, Nacional, 2016,06,01 ,,,
NATURATU,"Seminario de sistemas integrados de producción en Fresno, Tolima, mayo 2016", Seminario ,FRESNO, Unibague, Organizador, Nacional, 2016,05,20 ,,,
NATURATU,XIV Encuentro Departamental de Semilleros de Investigación RedCOLSI nodo Tolima y II cultura cientifica Convenio 1026-2013, Encuentro ,ESPINAL, UNIVERSIDAD DE IBAGUÉ, Ponente, Nacional, 2016,05,13 ,,,
NATURATU,XIV ENCUENTRO DEPARTAMENTAL DE SEMILLEROS DE INVESTIGACIÓN REDCOLSI NODO TOLIMA Y II DE CULTURA CIENTÍFICA 2016, Encuentro ,ESPINAL, Gobernación Del Tolima, Ponente, Nacional, 2016,05,13 ,,,
NATURATU,V congreso iberoamericano de Productos Naturales, Congreso ,"BOGOTÁ, D.C.", UNIVERSIDAD DE IBAGUÉ, Ponente, Internacional, 2016,04,25 ,,,
NATURATU,V Congreso Iberoamericano de Productos Naturales, Congreso ,"BOGOTÁ, D.C.", UNIVERSIDAD DE IBAGUÉ, Ponente, Internacional, 2016,04,25 ,,,
NATURATU,32 Congreso de Latinoamericano de Química CLAQ-2016, Congreso ,concepción, UNIVERSIDAD DE IBAGUÉ, Ponente, Internacional, 2016,01,19 ,,,
NATURATU,1er. Foro de Sustentabilidad Ecosistémica: Páramos: producción vs sostenibilidad, Otro ,IBAGUÉ, RAPE Región Central, Asistente, Nacional, 2015,12,10 ,,,
NATURATU,Congreso Colombiano de Mastozoología y III Congreso Latinoamericano de Mastozoología, Congreso ,"BOGOTÁ, D.C.", UNIVERSIDAD DE IBAGUÉ, Ponente, Internacional, 2015,12,01 ,,,
NATURATU,Congreso Colombiano de Mastozoología y III Congreso Latinoamericano de Mastozoología, Congreso ,"BOGOTÁ, D.C.", UNIVERSIDAD DE IBAGUÉ, Ponente, Internacional, 2015,12,01 ,,,
NATURATU,Congreso Colombiano de Mastozoología y III Congreso Latinoamericano de Mastozoología, Congreso ,"BOGOTÁ, D.C.", UNIVERSIDAD DE IBAGUÉ, Ponente, Internacional, 2015,12,01 ,,,
NATURATU,"IV Encuentro de productores de café en el municipio del Líbano Tolima, noviembre 2015", Encuentro ,LÍBANO, Unibague, Organizador, Nacional, 2015,11,27 ,,,
NATURATU,Estudio de procesos de exhumación de orógenos y discriminación de la relación clima-tectónica-procesos superficiales mediante termocronología cuantitativa, Seminario ,Santiago, Institut De Recherche Pour Le Dévelopement (Ird), Ponente Magistral, Nacional, 2015,11,23 ,,,
NATURATU,V Scientific Conference on Andean Orchids, Congreso ,CALI, UNIVERSIDAD DE IBAGUÉ, Ponente, Internacional, 2015,11,19 ,,,
NATURATU,"9th congress of chemical science, technology and innovation", Congreso ,La Habana, FONDO NACIONAL DE DESARROLLO CIENTIFICO Y TEGNOLOGICO, Ponente Magistral, Internacional, 2015,10,13 ,,,
NATURATU,Semana de Investigación Universitaria, Seminario ,IBAGUÉ, UNIVERSIDAD DE IBAGUÉ, Ponente, Nacional, 2015,09,22 ,,,
NATURATU,Semana de Investigación Universitaria 2015 - Universidad de Ibagué, Otro ,IBAGUÉ, UNIVERSIDAD DE IBAGUÉ, Ponente, Nacional, 2015,09,21 ,,,
NATURATU,5a Semana de Investigación Universitaria, Otro ,IBAGUÉ,, Ponente, Nacional, 2015,09,21 ,,,
NATURATU,Semana de Investigación Universitaria SIU2015, Encuentro ,IBAGUÉ, UNIVERSIDAD DE IBAGUÉ, Ponente, Nacional, 2015,09,21 ,,,
NATURATU,Curso de difraccion de rayos x  - método Rietveld, Otro ,CALI, UNIVERSIDAD DEL VALLE, Asistente, Nacional, 2015,09,21 ,,,
NATURATU,Contribución de las Ciencias Básicas al desarrollo del Agro, Simposio ,CAJICÁ, UNIVERSIDAD DE IBAGUÉ, Ponente, Nacional, 2015,09,10 ,,,
NATURATU,2015 20 th symposium on signal processing images on computer vosion STSIVA, Simposio ,"BOGOTÁ, D.C.", PONTIFICIA UNIVERSIDAD JAVERIANA," Asistente , Ponente", Internacional, 2015,09,02 ,,,
NATURATU,XV Congreso Geológico Colombiano, Congreso ,BUCARAMANGA, UNIVERSIDAD NACIONAL DE COLOMBIA, Ponente Magistral, Internacional, 2015,08,31 ,,,
NATURATU,Controles físicos de la evolución geológica-geomorfológica de los litorales colombianos, Seminario ,MEDELLÍN, UNIVERSIDAD EAFIT, Ponente Magistral, Internacional, 2015,08,24 ,,,
NATURATU,XIX Congreso de la Sociedad Mesoamericana para la Biología y la Conservación, Congreso ,Villahermosa, UNIVERSIDAD DE IBAGUÉ, Ponente, Internacional, 2015,08,24 ,,,
NATURATU,XIX Congreso de la Sociedad Mesoamericana para la Biología y la Conservación, Congreso ,Villahermosa, Sociedad Mesoamericana para la Biología y la Conservación, Ponente, Internacional, 2015,08,24 ,,,
NATURATU,"The 9th International Congress of Comparative Physiology and Biochemistry, From Molecules to Macrophysiology", Congreso ,Kraków, Jagiellonian University, Ponente, Internacional, 2015,08,23 ,,,
NATURATU,VIII Congreso Colombiano de Botánica, Congreso ,MANIZALES, UNIVERSIDAD DE IBAGUÉ, Ponente, Nacional, 2015,08,02 ,,,
NATURATU,VIII Congreso Colombiano de Botánica, Congreso ,MANIZALES, UNIVERSIDAD DEL TOLIMA, Ponente, Nacional, 2015,08,02 ,,,
NATURATU,XX Congreso Colombiano de Matemáticas 2015, Congreso ,MANIZALES, UNIVERSIDAD DE IBAGUÉ, Ponente, Nacional, 2015,07,21 ,,,
NATURATU,13th Latin American Conference on Physical Organic Chemistry (CLAFQO), Congreso ,Villa Carlos Paz, Pontificia Universidad Católica De Chile, Ponente, Internacional, 2015,05,17 ,,,
NATURATU,"Congreso Latinoamericano de Fisicoquímica Orgánica ""CLAFQO-13""", Congreso ,Córdoba, UNIVERSIDAD DE CHILE, Ponente, Internacional, 2015,05,17 ,,,
NATURATU,"Congreso Latinoamericano de Fisicoquímica Orgánica ""CLAFQO-13""", Congreso ,Córdoba, UNIVERSIDAD DE CHILE, Ponente, Internacional, 2015,05,17 ,,,
NATURATU,"Congreso Latinoamericano de Fisicoquímica Orgánica ""CLAFQO-13""", Congreso ,Córdoba, UNIVERSIDAD DE CHILE, Ponente, Internacional, 2015,05,17 ,,,
NATURATU,"Congreso Latinoamericano de Fisicoquímica Orgánica ""CLAFQO-13""", Congreso ,Córdoba, UNIVERSIDAD DE CHILE, Ponente, Internacional, 2015,05,17 ,,,
NATURATU,"Congreso Latinoamericano de Fisicoquímica Orgánica ""CLAFQO-13""", Congreso ,Córdoba, UNIVERSIDAD DE CHILE, Ponente, Internacional, 2015,05,17 ,,,
NATURATU,Formación de líderes para la formación y acompañamiento de docentes de la Universidad de Ibagué, Otro ,IBAGUÉ, UNIVERSIDAD DE LOS ANDES, Asistente, Nacional, 2015,04,06 ,,,
NATURATU,Acompañamiento pedagógico para el rediseño de cursos, Otro ,IBAGUÉ, UNIVERSIDAD DE LOS ANDES, Asistente, Nacional, 2015,04,01 ,,,
NATURATU,EMBO workshop: Emerging concepts of the neuronal cytoskeleton, Congreso ,Puerto Varas, UNIVERSIDAD DE CHILE, Ponente, Internacional, 2015,03,22 ,,,
NATURATU,Gordon Research Conference ¿Oxidative Stress and Disease¿.The Redox Biology of Age-Related Diseases, Congreso ,Ventura-California, UNIVERSIDAD DE CHILE, Ponente, Internacional, 2015,03,01 ,,,
NATURATU,Foro Regional de Área Protegidas y otras estrategias de conservación, Otro ,IBAGUÉ, UNIVERSIDAD DE IBAGUÉ, Ponente, Nacional, 2014,12,16 ,,,
NATURATU,"Seminario-Taller ""Escritura académica""", Taller ,IBAGUÉ, UNIVERSIDAD DE IBAGUÉ, Asistente, Nacional, 2014,12,05 ,,,
NATURATU,RT 16 Mamíferos Acuáticos de Suramérica (SOLAMAC), Congreso ,CARTAGENA DE INDIAS, UNIVERSIDAD DE IBAGUÉ, Ponente, Internacional, 2014,12,01 ,,,
NATURATU,IV Congreso Colombiano de Zoología, Congreso ,CARTAGENA DE INDIAS, UNIVERSIDAD AUSTRAL DE CHILE, Ponente, Nacional, 2014,12,01 ,,,
NATURATU,IV Congreso Colombiano de Zoología, Congreso ,CARTAGENA DE INDIAS, UNIVERSIDAD DE IBAGUÉ, Ponente, Nacional, 2014,12,01 ,,,
NATURATU,IV Congreso Colombiano de Zoología, Congreso ,CARTAGENA DE INDIAS, Asociación Colombiana de Zoología, Ponente, Nacional, 2014,12,01 ,,,
NATURATU,IV Congreso Colombiano de Zoología, Congreso ,CARTAGENA DE INDIAS, UNIVERSIDAD DE CALDAS, Ponente, Nacional, 2014,12,01 ,,,
NATURATU,"III Encuentro de productores de café en el municipio del Líbano Tolima, noviembre 2014", Encuentro ,LÍBANO, Unibague, Organizador, Nacional, 2014,11,21 ,,,
NATURATU,Dynamics Days South America 2014, Congreso ,Viña del Mar, Pontificia Universidad Católica De Chile, Ponente, Internacional, 2014,11,03 ,,,
NATURATU,XV Semana de la facultad de ciencias de la Universidad del Tolima, Otro ,IBAGUÉ, UNIVERSIDAD DE IBAGUÉ, Ponente Magistral, Nacional, 2014,10,28 ,,,
NATURATU,XXVIII Anual Meeting of Sociedad de Biología Celular de Chile, Encuentro ,Puerto Varas, UNIVERSIDAD DE CHILE, Ponente, Internacional, 2014,10,26 ,,,
NATURATU,WOSC 2014, Congreso ,IBAGUÉ, UNIVERSIDAD DE IBAGUÉ, Ponente, Internacional, 2014,10,15 ,,,
NATURATU,31 Congreso latinoamericano de Química, Congreso ,Fajardo, UNIVERSIDAD DE IBAGUÉ, Ponente, Internacional, 2014,10,14 ,,,
NATURATU,XXXI Congreso Latinoamericano de Química, Congreso ,Ciudad de Mexico, UNIVERSIDAD DE IBAGUÉ, Ponente, Internacional, 2014,10,14 ,,,
NATURATU,XXXI Congreso Latinoamericano de Química, Congreso ,Ciudad de Mexico, UNIVERSIDAD DE IBAGUÉ, Ponente, Internacional, 2014,10,14 ,,,
NATURATU,XXXI Congreso Latinoamericano de Química, Congreso ,Ciudad de Mexico, Pontificia Universidad Católica De Chile, Ponente, Internacional, 2014,10,14 ,,,
NATURATU,XXXI Congreso Latinoamericano de Química, Congreso ,"BOGOTÁ, D.C.", Pontificia Universidad Católica De Chile, Ponente, Internacional, 2014,10,14 ,,,
NATURATU,9th Workshop of Computational Chemistry and Molecular Spectroscopy, Encuentro ,Valparaíso, UNIVERSIDAD ANDRES BELLO, Ponente, Internacional, 2014,10,13 ,,,
NATURATU,XVIII CONGRESO DE LA SOCIEDAD MESOAMERICANA PARA LA BIOLOGÍA Y LA CONSERVACIÓN, Congreso ,Copán Ruinas, UNIVERSIDAD DEL TOLIMA, Ponente, Internacional, 2014,10,13 ,,,
NATURATU,III Coloquio Internacional en Didácticas específicas y currículo, Otro ,IBAGUÉ, UNIVERSIDAD DE IBAGUÉ, Asistente, Nacional, 2014,10,06 ,,,
NATURATU,International Conference on Algebraic Methods in Dynamical System Conference AMDS-2014, Congreso ,BARRANQUILLA, UNIVERSIDAD DE IBAGUÉ, Ponente, Internacional, 2014,10,05 ,,,
NATURATU,SIU 2014 SEMANA DE INVESTIGACION UNIVERSITARIA, Otro ,IBAGUÉ, UNIVERSIDAD DE IBAGUÉ, Ponente, Nacional, 2014,09,22 ,,,
NATURATU,Semana de Investigación Universitaria SIU2014, Encuentro ,IBAGUÉ, UNIVERSIDAD DE IBAGUÉ, Ponente, Nacional, 2014,09,22 ,,,
NATURATU,The XV Congress of the International Society for Behavioral Ecology, Congreso ,MANHATTAN, UNIVERSIDAD DE IBAGUÉ, Ponente, Internacional, 2014,07,30 ,,,
NATURATU,Seminario-taller en formulación de proyectos de investigación, Taller ,IBAGUÉ, UNIVERSIDAD DE IBAGUÉ, Asistente, Nacional, 2014,06,09 ,,,
NATURATU,IV Encuentro nacional de matemáticas y estadística, Encuentro ,IBAGUÉ, UNIVERSIDAD DEL TOLIMA, Ponente, Nacional, 2014,05,07 ,,,
NATURATU,"Curso ""Módulos pedagógicos para el rediseño de cursos""", Otro ,IBAGUÉ, UNIVERSIDAD DE LOS ANDES, Asistente, Nacional, 2014,03,28 ,,,
NATURATU,XIX SINAQO (Simposio Nacional de Química Orgánica), Simposio ,Mar del Plata, Sociedad Argentina en Investigaciones en Quimica Organica, Ponente, Internacional, 2013,11,16 ,,,
NATURATU,VII Congreso de la red latinoamericana de ciencias ambientales, Congreso ,San Carlos, Instituto Tecnológico De Costa Rica, Ponente, Internacional, 2013,11,11 ,,,
NATURATU,IV CONGRESO COLOMBIANO DE ORNITOLOGÍA, Congreso ,CALI, Asociación Colombiana De Ornitología, Ponente, Nacional, 2013,11,05 ,,,
NATURATU,V Reunión Binacional de Ecología y XX Reunión de la Sociedad de Ecología de chile, Congreso ,Puerto Varas, SOCIEDAD DE ECOLOGIA DE CHILE, Ponente, Internacional, 2013,11,03 ,,,
NATURATU,VII Congreso Internacional de Materiales, Congreso ,MEDELLÍN, UNIVERSIDAD DE ANTIOQUIA, Ponente, Internacional, 2013,10,29 ,,,
NATURATU,Congreso Internacional de Materiales, Congreso ,MEDELLÍN, UNIVERSIDAD DE ANTIOQUIA, Ponente, Internacional, 2013,10,29 ,,,
NATURATU,"II Encuentro de productores de café en el municipio del Líbano Tolima, noviembre 2013", Encuentro ,IBAGUÉ, Unibague, Organizador, Nacional, 2013,10,18 ,,,
NATURATU,XLVIII Congreso Nacional de Ciencias Biológicas, Congreso ,"BOGOTÁ, D.C.", Asociación Colombiana De Ciencias Biológicas - A.C.C.B., Ponente, Internacional, 2013,10,06 ,,,
NATURATU,XLVIII Congreso Nacional de Ciencias Biológicas, Congreso ,"BOGOTÁ, D.C.", Asociación Colombiana De Ciencias Biológicas - A.C.C.B., Ponente, Nacional, 2013,10,06 ,,,
NATURATU,World Engineering Education Forum, Congreso ,CARTAGENA DE INDIAS, UNIVERSIDAD DE IBAGUÉ, Ponente, Nacional, 2013,09,24 ,,,
NATURATU,Semana de Investigación Universitaria 2013, Otro ,IBAGUÉ, UNIVERSIDAD DE IBAGUÉ, Ponente, Nacional, 2013,09,24 ,,,
NATURATU,World Engineering Education Forum WEEF 2013, Simposio ,CARTAGENA DE INDIAS, Asociación Colombiana De Facultades De Ingeniería - Acofi," Asistente , Ponente", Internacional, 2013,09,24 ,,,
NATURATU,World Engineering Education Forum, Simposio ,CARTAGENA DE INDIAS, Asociación Colombiana De Facultades De Ingeniería - Acofi," Asistente , Ponente", Internacional, 2013,09,24 ,,,
NATURATU,World Engineering Education Forum, Simposio ,CARTAGENA DE INDIAS, Asociación Colombiana De Facultades De Ingeniería - Acofi," Asistente , Ponente", Internacional, 2013,09,24 ,,,
NATURATU,World Engineering Education Forum, Simposio ,CARTAGENA DE INDIAS, Asociación Colombiana De Facultades De Ingeniería - Acofi," Asistente , Ponente", Internacional, 2013,09,24 ,,,
NATURATU,World Engineering Education Forum, Simposio ,CARTAGENA DE INDIAS, Asociación Colombiana De Facultades De Ingeniería - Acofi," Asistente , Ponente", Internacional, 2013,09,24 ,,,
NATURATU,World Engineering Education Forum, Simposio ,CARTAGENA DE INDIAS, Asociación Colombiana De Facultades De Ingeniería - Acofi," Asistente , Ponente", Internacional, 2013,09,24 ,,,
NATURATU,Global Attributes and Competencias: An Initiative to Identify and Assess Key Characteristics of the Worlds Future Engineers, Taller ,CARTAGENA DE INDIAS, Asociación Colombiana De Facultades De Ingeniería - Acofi, Asistente, Internacional, 2013,09,24 ,,,
NATURATU,"Taller ""Global attributes and competencies: An initiative to identify and asses key characteristics of the worlds future engineers""", Taller ,CARTAGENA DE INDIAS, Asociación Colombiana De Facultades De Ingeniería - Acofi, Asistente, Internacional, 2013,09,24 ,,,
NATURATU,"VI International Conference on Surfaces, Materials and Vacuum", Congreso ,CARTAGENA DE INDIAS, UNIVERSIDAD DE IBAGUÉ, Ponente, Internacional, 2013,09,23 ,,,
NATURATU,"VI International Conference on Surfaces, Materials and Vacuum", Congreso ,Mérida,  Sociedad Mexicana de Ciencia y Tecnología de Superficies y Materiales A., Ponente, Internacional, 2013,09,23 ,,,
NATURATU,"Diplomado ""Aproximación a la propiedad intelectual""", Otro ,IBAGUÉ, UNIVERSIDAD DE IBAGUÉ, Asistente, Nacional, 2013,09,18 ,,,
NATURATU,Semana Universitaria de Investigaciones, Encuentro ,IBAGUÉ, UNIVERSIDAD DE IBAGUÉ, Ponente, Nacional, 2013,09,16 ,,,
NATURATU,XVII CONGRESO DE LA SOCIEDAD MESOAMERICANA PARA LA BIOLOGÍA Y LA CONSERVACIÓN, Congreso ,La Habana, Sociedad Mesoamericana para la Biología y la Conservación, Ponente, Internacional, 2013,09,16 ,,,
NATURATU,XVII CONGRESO DE LA SOCIEDAD MESOAMERICANA PARA LA BIOLOGÍA Y LA CONSERVACIÓN, Congreso ,Habana, Sociedad Mesoamericana para la Biología y la Conservación, Ponente, Internacional, 2013,09,16 ,,,
NATURATU,Semana Universitaria de Investigaciones SUI 2013, Seminario ,IBAGUÉ, UNIVERSIDAD DE IBAGUÉ, Ponente, Nacional, 2013,09,10 ,,,
NATURATU,VII Congreso Colombiano de Botánica, Congreso ,IBAGUÉ, Asociaciòn Colombiana de Botánica, Ponente, Nacional, 2013,08,06 ,,,
NATURATU,II Reunión de Directores de Carreras de Ciencias, Encuentro ,"BOGOTÁ, D.C.", Asociación Colombiana De Facultades De Ingeniería - Acofi," Asistente , Ponente", Nacional, 2013,06,06 ,,,
NATURATU,XI Encuentro Departamental de Semilleros de Investigación, Encuentro ,HONDA, Fundación Red Colombiana de Semilleros de Investigación RedColsi, Ponente Magistral, Nacional, 2013,05,17 ,,,
NATURATU,III Encuentro nacional de matemáticas y estadística 2013, Encuentro ,IBAGUÉ, UNIVERSIDAD DEL TOLIMA," Asistente , Ponente", Nacional, 2013,04,24 ,,,
NATURATU,Dynamics Days South America 2012, Congreso ,CARTAGENA DE INDIAS, UNIVERSIDAD NACIONAL DE COLOMBIA," Ponente Magistral , Ponente", Internacional, 2012,11,20 ,,,
NATURATU,"I Encuentro de productores de café en el municipio del Líbano Tolima, noviembre 2012", Encuentro ,LÍBANO, Unibague, Organizador, Nacional, 2012,10,19 ,,,
NATURATU,XLVII Congreso de la Asociación Colombiana de Ciencias Biológicas, Congreso ,CALI, Asociación Colombiana De Ciencias Biológicas - A.C.C.B., Ponente, Nacional, 2012,10,09 ,,,
NATURATU,"IV Congreso Internacional de matemática educativa, tecnología computacional 2012", Congreso ,IBAGUÉ, UNIVERSIDAD DE IBAGUÉ, Ponente, Internacional, 2012,10,09 ,,,
NATURATU,Jornada de investigación de la Fac. Ciencias Naturales y Matemáticas Semana Universitaria de Investigaciones - SUI2012, Encuentro ,IBAGUÉ, UNIVERSIDAD DE IBAGUÉ, Ponente, Nacional, 2012,10,02 ,,,
NATURATU,Semana Universitaria de Investigaciones SUI2012, Seminario ,IBAGUÉ, UNIVERSIDAD DE IBAGUÉ, Ponente, Nacional, 2012,10,01 ,,,
NATURATU,Congreso nacional de ingeniería aplicada CNIA 2012, Congreso ,IBAGUÉ, UNIVERSIDAD DE IBAGUÉ, Ponente, Nacional, 2012,09,27 ,,,
NATURATU,Semana de Investigación Universitaria 2012, Otro ,IBAGUÉ, UNIVERSIDAD DE IBAGUÉ, Ponente, Nacional, 2012,09,25 ,,,
NATURATU,XVI CONGRESO DE LA SOCIEDAD MESOAMERICANA PARA LA BIOLOGÍA Y LA CONSERVACIÓN, Congreso ,Panamá, Sociedad Mesoamericana para la Biología y la Conservación, Ponente, Internacional, 2012,09,17 ,,,
NATURATU,XVI Congreso de la Sociedad Mesoamericana para la Biología y la Conservación, Congreso ,Panamá, UNIVERSIDAD DE IBAGUÉ, Ponente, Internacional, 2012,09,17 ,,,
NATURATU,XVI Congreso De la Sociedad Mesomericana para la Biología y la Conservación, Congreso ,Panamá, UNIVERSIDAD DEL TOLIMA, Ponente, Internacional, 2012,09,17 ,,,
NATURATU,Semana de Investigación Universitaria, Otro ,IBAGUÉ, UNIVERSIDAD DE IBAGUÉ, Ponente, Nacional, 2012,09,03 ,,,
NATURATU,II diplomado competencias básicas en TIC para docentes universitarios, Taller ,IBAGUÉ, UNIVERSIDAD DE IBAGUÉ, Asistente, Nacional, 2012,08,23 ,,,
NATURATU,I Seminario de Formación en Investigación, Seminario ,IBAGUÉ, Fundación Red Colombiana de Semilleros de Investigación RedColsi, Ponente Magistral, Nacional, 2012,04,13 ,,,
NATURATU,IX Congreso de Ornitología Neotropical, Congreso ,Cusco,  Sociedad de Ornitología Neotropica, Ponente, Nacional, 2011,11,08 ,,,
NATURATU,Jornada de investigación de la Fac. Ciencias Naturales y Matemáticas Semana Universitaria de Investigaciones - SUI2011, Encuentro ,IBAGUÉ, UNIVERSIDAD DE IBAGUÉ, Ponente, Nacional, 2011,11,01 ,,,
NATURATU,XLVI Congreso Colombiano de Ciencias Biológicas, Congreso ,MEDELLÍN, Asociación Colombiana De Ciencias Biológicas - A.C.C.B., Ponente, Nacional, 2011,10,11 ,,,
NATURATU,XLVI Congreso Nacional de Ciencias Biológicas, Congreso ,MEDELLÍN, Catie, Ponente, Nacional, 2011,10,11 ,,,
NATURATU,XXIV Congreso Nacional de Física, Congreso ,"BOGOTÁ, D.C.", UNIVERSIDAD NACIONAL DE COLOMBIA SEDE BOGOTA," Asistente , Ponente", Nacional, 2011,10,03 ,,,
NATURATU,IV International Conference on Surfaces Materials and Vacuum, Congreso ,Puerto Vallarta, UNIVERSIDAD DE IBAGUÉ, Ponente, Internacional, 2011,09,26 ,,,
NATURATU,Taller de Redacción Científica, Taller ,IBAGUÉ, UNIVERSIDAD DE IBAGUÉ, Organizador, Nacional, 2011,09,03 ,,,
NATURATU,XI CONGRESO COLOMBIANO DE ICTIOLOGÍA Y II ENCUENTRO SURAMERICANO DE ICTIÓLOGOS, Congreso ,IBAGUÉ, UNIVERSIDAD DEL TOLIMA, Asistente, Nacional, 2011,05,11 ,,,
NATURATU,Primer encuentro nacional de matemáticas y estadística, Encuentro ,IBAGUÉ, UNIVERSIDAD DEL TOLIMA," Asistente , Ponente", Nacional, 2011,05,11 ,,,
NATURATU,Semana Universitaria de Investigaciones SUI2011, Seminario ,IBAGUÉ, UNIVERSIDAD DE IBAGUÉ," Organizador , Ponente", Nacional, 2011,01,01 ,,,
NATURATU,III CONGRESO COLOMBIANO DE ZOOLOGÍA Y III CONGRESO COLOMBIANO DE ORNITOLOGÍA, Congreso ,MEDELLÍN, Asociación Colombiana de Zoología, Organizador, Nacional, 2010,11,21 ,,,
NATURATU,XI  Congreso Iberoamericano de Materiales y Metalurgia IBEROMET CONAMET 2010, Congreso ,Viña del Mar, UNIVERSIDAD DE IBAGUÉ, Ponente, Internacional, 2010,11,02 ,,,
NATURATU,Seminario Internacional Nanociencia 2010, Seminario ,BARRANQUILLA, UNIVERSIDAD DE IBAGUÉ, Ponente, Internacional, 2010,10,21 ,,,
NATURATU,Tercer  encuentro nacional de profesores de ciencias exactas y naturales, Encuentro ,IBAGUÉ, UNIVERSIDAD DE IBAGUÉ, Asistente, Nacional, 2010,10,20 ,,,
NATURATU,3 Encuentro Nacional de Profesores de Ciencias Exactas y Naturales, Encuentro ,IBAGUÉ, UNIVERSIDAD DE IBAGUÉ, Organizador, Nacional, 2010,10,20 ,,,
NATURATU,IX Escuela  Nacional de Física de la materia Condensada, Otro ,IBAGUÉ, Sociedad Colombiana De Física, Asistente, Nacional, 2010,01,01 ,,,
NATURATU,XXX DYNAMICS DAYS EUROPE, Congreso ,Bristol, UNIVERSITY OF BRISTOL, Organizador, Internacional, 2010,01,01 ,,,
NATURATU,Encuentro en didáctica de las ciencias Naturales y exactas, Encuentro ,IBAGUÉ, UNIVERSIDAD DE IBAGUÉ, Asistente, Nacional, 2009,10,19 ,,,
NATURATU,5 to Encuentro Nacional de Materiales modulo ceramicos, Encuentro ,MEDELLÍN, UNIVERSIDAD DE IBAGUÉ, Ponente, Nacional, 2009,09,01 ,,,
NATURATU,X IBEROMET, Otro ,Cartagena, UNIVERSIDAD DE IBAGUÉ, Ponente, Internacional, 2008,10,13 ,,,
NATURATU,Informs 2008, Congreso ,"Washington, D.C.", INFORMS, Organizador, Internacional, 2008,10,01 ,,,
NATURATU,Curso de Agreoecología Tropical, Otro ,Turrialba, Centro Agronomico Tropical De Investigacion Y Enseñanza, Organizador, Internacional, 2008,09,11 ,,,
NATURATU,21st European Conference on Operational Research, Congreso ,Reykjavik, Varios, Organizador, Nacional, 2006,06,01 ,,,
NATURATU,Seminario Taller de Nematodos de Vida Libre como Indicadores de Calidad y Salud de Suelos, Seminario ,Turrialba, Centro Agronomico Tropical De Investigacion Y Enseñanza, Organizador, Internacional, 2005,09,26 ,,,
NATURATU,XXV Dynamics Days Europe 2005, Congreso ,Berlin, Technische Universitat Berlin, Organizador, Nacional, 2005,07,01 ,,,
NATURATU,XIX Congreso Nacional de Física., Congreso ,MANIZALES, Sociedad Colombiana De Física, Organizador, Nacional, 2001,01,01 ,,,
NATURATU,IV Escuela Nacional de Física de la Materia Condensada y I Encuentro Internacional de Física Aplicada a la Industria del Petróleo (I-EIFAIP)., Congreso ,BUCARAMANGA,, Organizador, Nacional, 2000,01,01 ,,,
Grupo de Investigación en Química Bioorgánica y Sistemas Moleculares -QBOSMO-,Semana de Investigación Universitaria 2020, Encuentro ,IBAGUÉ, UNIVERSIDAD DE IBAGUÉ, Ponente, Nacional, 2020,12,03 ,,,
Grupo de Investigación en Química Bioorgánica y Sistemas Moleculares -QBOSMO-,Semana de Investigación Universitaria SIU 2020, Encuentro ,IBAGUÉ, UNIVERSIDAD DE IBAGUÉ, Ponente, Nacional, 2020,12,03 ,,,
Grupo de Investigación en Química Bioorgánica y Sistemas Moleculares -QBOSMO-,XXXIII Jornadas Chilenas de Química, Congreso ,Puerto Varas, UNIVERSIDAD DE IBAGUÉ, Ponente, Internacional, 2020,01,07 ,,,
Grupo de Investigación en Química Bioorgánica y Sistemas Moleculares -QBOSMO-,"1er Taller Departamental sobre Cannabis: Una Bonanza Intersectorial para el Tolima. Verdades, Mitos y Realidades, desde la Trazabilidad Agropecuaria, Agroindustrial, Textil y Farmacéutica.", Taller ,IBAGUÉ, CAMARA DE COMERCIO DE IBAGUE, Asistente, Nacional, 2019,12,06 ,,,
Grupo de Investigación en Química Bioorgánica y Sistemas Moleculares -QBOSMO-,V Congreso Colombiano de Biología Computacional, Congreso ,IBAGUÉ, UNIVERSIDAD DEL TOLIMA, Ponente Magistral, Nacional, 2019,11,06 ,,,
Grupo de Investigación en Química Bioorgánica y Sistemas Moleculares -QBOSMO-,XVIII Congreso Colombiano de Química, Congreso ,POPAYÁN, UNIVERSIDAD DE IBAGUÉ, Ponente Magistral, Nacional, 2019,11,06 ,,,
Grupo de Investigación en Química Bioorgánica y Sistemas Moleculares -QBOSMO-,XVIII Congreso Colombiano de Química, Congreso ,POPAYÁN, UNIVERSIDAD DE IBAGUÉ, Ponente, Nacional, 2019,11,06 ,,,
Grupo de Investigación en Química Bioorgánica y Sistemas Moleculares -QBOSMO-,XVIII Congreso Colombiano de Química, Congreso ,POPAYÁN, UNIVERSIDAD DE IBAGUÉ, Ponente, Nacional, 2019,11,06 ,,,
Grupo de Investigación en Química Bioorgánica y Sistemas Moleculares -QBOSMO-,XVIII Congreso Colombiano de Química, Congreso ,POPAYÁN, UNIVERSIDAD DE IBAGUÉ, Ponente, Nacional, 2019,11,06 ,,,
Grupo de Investigación en Química Bioorgánica y Sistemas Moleculares -QBOSMO-,International Symposium on Dyes and Pigments, Simposio ,Sevilla, UNIVERSIDAD DE CHILE, Ponente, Internacional, 2019,09,08 ,,,
Grupo de Investigación en Química Bioorgánica y Sistemas Moleculares -QBOSMO-,7th. Latin American Symposium on Coordination and Organometallic Chemistry, Simposio ,CARTAGENA DE INDIAS, UNIVERSIDAD DE LOS ANDES, Ponente, Internacional, 2019,08,28 ,,,
Grupo de Investigación en Química Bioorgánica y Sistemas Moleculares -QBOSMO-,2nd Molecules Medicinal Chemistry Symposium (MMCS): Facing Novel Challenges in Drug Discovery, Simposio ,Barcelona, MDPI, Ponente, Internacional, 2019,05,15 ,,,
Grupo de Investigación en Química Bioorgánica y Sistemas Moleculares -QBOSMO-,2nd Molecules Medicinal Chemistry Symposium (MMCS): Facing Novel Challenges in Drug Discovery, Simposio ,Barcelona, MDPI, Ponente, Internacional, 2019,05,15 ,,,
D+TEC - Desarrollo Tecnológico,Iberoamerican Congress on Pattern Recognition, Congreso ,Madrid, UNIVERSIDAD DE IBAGUÉ, Ponente, Internacional, 2018,11,19 ,,,
D+TEC - Desarrollo Tecnológico,IEEE Colombian Conference on Robotics and Automation, Congreso ,BARRANQUILLA, UNIVERSIDAD DE IBAGUÉ, Ponente, Nacional, 2018,11,01 ,,,
D+TEC - Desarrollo Tecnológico,"LAURDS International Conference: Perspectives in culture, research strategies and doctoral studies in Latin America", Congreso ,Panamá, Union Europea," Asistente , Ponente", Internacional, 2018,07,26 ,,,
D+TEC - Desarrollo Tecnológico,"XXV Seminario anual de automática, electrónica industrial e instrumentación (SAAEI)", Congreso ,Barcelona," Ministerio de Ciencia, Tecnología e Innovación.", Ponente, Internacional, 2018,07,04 ,,,
D+TEC - Desarrollo Tecnológico,14th International Conference on Precision Agriculture, Congreso ,Montréal, UNIVERSIDAD DE IBAGUÉ, Ponente, Nacional, 2018,06,24 ,,,
D+TEC - Desarrollo Tecnológico,VI Meeting of the LAURDS project, Encuentro ,"BOGOTÁ, D.C.", Union Europea, Asistente, Internacional, 2018,04,27 ,,,
D+TEC - Desarrollo Tecnológico,LAURDS International doctoral supervisors and students Conference, Congreso ,"BOGOTÁ, D.C.", UNIVERSIDAD DE IBAGUÉ," Organizador , Ponente Magistral", Nacional, 2018,04,26 ,,,
D+TEC - Desarrollo Tecnológico,Primer Congreso Latinoamericano de Agricultura de Precisión CLAP 2018, Congreso ,Santiago de Chile, UNIVERSIDAD DE IBAGUÉ, Ponente, Internacional, 2018,04,11 ,,,
D+TEC - Desarrollo Tecnológico,V Meeting of the LAURDS project, Encuentro ,IBAGUÉ, Union Europea," Asistente , Organizador , Ponente", Internacional, 2017,11,05 ,,,
D+TEC - Desarrollo Tecnológico,Encuentro Internacional de Educación en Ingeniería ACOFI 2017, Taller ,CARTAGENA DE INDIAS, Asociación Colombiana De Facultades De Ingeniería - Acofi, Asistente, Internacional, 2017,09,26 ,,,
D+TEC - Desarrollo Tecnológico,Encuentro Internacional de Educación en Ingeniería ACOFI 2017, Encuentro ,CARTAGENA DE INDIAS, Asociación Colombiana De Facultades De Ingeniería - Acofi, Ponente, Internacional, 2017,09,26 ,,,
D+TEC - Desarrollo Tecnológico,Encuentro Internacional de Educación en Ingeniería ACOFI, Encuentro ,CARTAGENA DE INDIAS, UNIVERSIDAD DE IBAGUÉ, Ponente, Internacional, 2017,09,26 ,,,
D+TEC - Desarrollo Tecnológico,3rd International Conference on Sensors and Electronic Instrumentation Advances (SEIA' 2017), Congreso ,Moscow, UNIVERSIDAD DE IBAGUÉ, Ponente, Internacional, 2017,09,20 ,,,
D+TEC - Desarrollo Tecnológico,XX World Conference of the International Federation of Automatic Control (IFAC), Congreso ,Toulouse, UNIVERSIDAD DE IBAGUÉ, Ponente, Internacional, 2017,07,09 ,,,
D+TEC - Desarrollo Tecnológico,IV Meeting of the LAURDS project, Encuentro ,"BOGOTÁ, D.C.", Union Europea," Asistente , Ponente", Internacional, 2017,07,05 ,,,
D+TEC - Desarrollo Tecnológico,III Power Electronics and Power Quality Applications (PEPQA), Congreso ,"BOGOTÁ, D.C.", UNIVERSIDAD DE IBAGUÉ," Asistente , Ponente", Nacional, 2017,05,31 ,,,
D+TEC - Desarrollo Tecnológico,1st Academic Fora International Conference (AFIC), Congreso ,Venecia, UNIVERSIDAD DE IBAGUÉ, Ponente, Internacional, 2017,04,08 ,,,
D+TEC - Desarrollo Tecnológico,III Meeting of the LAURDS project, Encuentro ,"BOGOTÁ, D.C.", Union Europea, Asistente, Internacional, 2016,11,22 ,,,
D+TEC - Desarrollo Tecnológico,Congreso internacional de tecnologías de información CITI 2016, Congreso ,Chiclayo, Universidad Señor de Sipán," Ponente Magistral , Ponente", Internacional, 2016,11,10 ,,,
D+TEC - Desarrollo Tecnológico,IX Conferencia Científica Internacional de Ingeniería Mecánica, Congreso ,Santa Clara, Universidad Marta Abreu, Ponente, Internacional, 2016,10,18 ,,,
D+TEC - Desarrollo Tecnológico,Latin American Conference on Automatic Control XVII, Congreso ,MEDELLÍN, UNIVERSIDAD DE IBAGUÉ, Ponente, Internacional, 2016,10,13 ,,,
D+TEC - Desarrollo Tecnológico,Latin American Conference on Automatic Control - CLCA 2016, Congreso ,MEDELLÍN, UNIVERSIDAD DE IBAGUÉ, Ponente, Internacional, 2016,10,13 ,,,
D+TEC - Desarrollo Tecnológico, IEEE COLOMBIAN CONFERENCE ON ROBOTICS AND AUTOMATION CCRA, Congreso ,"BOGOTÁ, D.C.", UNIVERSIDAD DE IBAGUÉ, Ponente, Nacional, 2016,09,29 ,,,
D+TEC - Desarrollo Tecnológico,5th International workshop on image analysis methods for the plant sciences, Congreso ,Angers, UNIVERSIDAD DE IBAGUÉ, Ponente, Internacional, 2016,09,05 ,,,
D+TEC - Desarrollo Tecnológico,"STSIVA 2016- XXI SYMPOSIUM ON SIGNAL PROCESSING, IMAGES AND ARTIFICIAL VISION", Simposio ,BUCARAMANGA, UNIVERSIDAD DE IBAGUÉ, Ponente, Internacional, 2016,08,31 ,,,
D+TEC - Desarrollo Tecnológico,"XXI simposio en tratamiento de señales, imágenes y visión artificial STSIVA", Congreso ,BUCARAMANGA, UNIVERSIDAD DE IBAGUÉ, Ponente, Nacional, 2016,08,31 ,,,
D+TEC - Desarrollo Tecnológico,II Meeting of the LAURDS project, Encuentro ,Panamá, UNIVERSIDAD DE IBAGUÉ, Asistente, Nacional, 2016,08,02 ,,,
D+TEC - Desarrollo Tecnológico,"Tercer Congreso Internacional sobre Tecnologías Avanzadas de Mecatrónica, Diseño y Manufactura AMDM 2016,", Congreso ,CALI, UNIVERSIDAD DE IBAGUÉ, Ponente, Internacional, 2016,04,13 ,,,
D+TEC - Desarrollo Tecnológico,TERCER CONGRESO INTERNACIONAL SOBRE TECNOLOGÍAS AVANZADAS DE MECATRÓNICA DISEÑO Y  MANUFACTURA, Congreso ,CALI, UNIVERSIDAD DE IBAGUÉ, Ponente, Internacional, 2016,04,13 ,,,
D+TEC - Desarrollo Tecnológico,I Meeting of the LAURDS project, Encuentro ,Glasgow, UNIVERSIDAD DE IBAGUÉ, Asistente, Internacional, 2016,01,17 ,,,
D+TEC - Desarrollo Tecnológico,XIII Brazilian Power Electronics Conference (COBEP), Congreso ,Fortaleza, UNIVERSIDAD DE IBAGUÉ, Ponente, Internacional, 2015,11,29 ,,,
D+TEC - Desarrollo Tecnológico,V Scientific Conference on Andean Orchids, Congreso ,CALI, UNIVERSIDAD DE IBAGUÉ, Ponente, Internacional, 2015,11,19 ,,,
D+TEC - Desarrollo Tecnológico,V Scientific Conference on Andean Orchids, Congreso ,CALI, UNIVERSIDAD DE IBAGUÉ, Ponente, Internacional, 2015,11,19 ,,,
D+TEC - Desarrollo Tecnológico,IEEE CHILECON, Congreso ,Lima, UNIVERSIDAD DE IBAGUÉ, Ponente, Internacional, 2015,10,28 ,,,
D+TEC - Desarrollo Tecnológico,IV Congreso Internacional de ingeniería, Congreso ,FUSAGASUGÁ, UNIVERSIDAD DE CUNDINAMARCA, Ponente Magistral, Nacional, 2015,10,08 ,,,
D+TEC - Desarrollo Tecnológico,XVIII Encuentro Nacional y XII Internacional de Semilleros de Investigación, Congreso ,CALI, UNIVERSIDAD DE IBAGUÉ, Ponente, Internacional, 2015,10,08 ,,,
D+TEC - Desarrollo Tecnológico,IV Latin-american conference on networked electronic media, Congreso ,MEDELLÍN, UNIVERSIDAD DE IBAGUÉ, Ponente, Internacional, 2015,09,23 ,,,
D+TEC - Desarrollo Tecnológico,IV Latin-american conference on networked electronic media, Congreso ,MEDELLÍN, UNIVERSIDAD DE IBAGUÉ, Ponente, Internacional, 2015,09,23 ,,,
D+TEC - Desarrollo Tecnológico,IV Latin-american conference on networked electronic media., Congreso ,MEDELLÍN, UNIVERSIDAD NACIONAL DE COLOMBIA SEDE MEDELLÍN, Ponente, Internacional, 2015,09,23 ,,,
D+TEC - Desarrollo Tecnológico,5º semana de investigación universitaria, Congreso ,IBAGUÉ, UNIVERSIDAD DE IBAGUÉ, Ponente, Nacional, 2015,09,21 ,,,
D+TEC - Desarrollo Tecnológico,"20th symposium on signal processing, images and computer vision (stsiva 2015)", Congreso ,"BOGOTÁ, D.C.", UNIVERSIDAD DE IBAGUÉ, Ponente, Internacional, 2015,09,02 ,,,
D+TEC - Desarrollo Tecnológico,SEMANA DE GEOMATICA, Congreso ,"BOGOTÁ, D.C.", UNIVERSIDAD DE IBAGUÉ, Ponente, Internacional, 2015,08,10 ,,,
D+TEC - Desarrollo Tecnológico,II Workshop on Power Electronics and Power Quality Applications (PEPQA), Congreso ,"BOGOTÁ, D.C.", UNIVERSIDAD DE IBAGUÉ, Ponente, Nacional, 2015,06,02 ,,,
D+TEC - Desarrollo Tecnológico,XIII Encuentro Departamental Semilleros De Investigación RedCOLSI Nodo Tolima y I Encuentro de Cultura Cientifica, Congreso ,IBAGUÉ, UNIVERSIDAD DE IBAGUÉ, Ponente, Nacional, 2015,05,15 ,,,
D+TEC - Desarrollo Tecnológico,VIII Conferencia Científica Internacional de Ingeniería Mecánica, Congreso ,"BOGOTÁ, D.C.", Universidad Central Marta Abreu De Las Villas, Ponente, Internacional, 2014,11,17 ,,,
D+TEC - Desarrollo Tecnológico,XVI Congreso Latinoamericano de Control Automático CLCA 2014, Congreso ,Cancún, UNIVERSIDAD DE IBAGUÉ, Ponente, Internacional, 2014,10,14 ,,,
D+TEC - Desarrollo Tecnológico,XX Congreso Nacional de Ingeniería Mecánica, Congreso ,Málaga, UNIVERSIDAD DE IBAGUÉ, Ponente, Internacional, 2014,09,24 ,,,
D+TEC - Desarrollo Tecnológico,Semana de Investigación Universitaria SIU 2014, Otro ,IBAGUÉ, UNIVERSIDAD DE IBAGUÉ, Ponente, Nacional, 2014,09,22 ,,,
D+TEC - Desarrollo Tecnológico,Semana de Investigación Universitaria - SIU 2014, Otro ,IBAGUÉ, UNIVERSIDAD DE IBAGUÉ, Ponente, Nacional, 2014,09,02 ,,,
D+TEC - Desarrollo Tecnológico,The 19th World Congress of the International Federation of Automatic Control, Congreso ,Cape Town, INTERNATIONAL FEDERATION OF AUTOMATIC CONTROL, Ponente, Internacional, 2014,08,24 ,,,
D+TEC - Desarrollo Tecnológico,VII Latinamerican Expo - Sciences ESI-Amlat, Otro ,MEDELLÍN, Movimiento Internacional del Recreo Científico, Asistente, Internacional, 2014,07,14 ,,,
D+TEC - Desarrollo Tecnológico,"XXI Seminario anual de automática, electrónica industrial e instrumentación (SAAEI)", Seminario ,Tanger, UNIVERSITAT ROVIRA I VIRGILI, Ponente, Internacional, 2014,06,25 ,,,
D+TEC - Desarrollo Tecnológico,VII Congreso Internacional de Materiales, Congreso ,MEDELLÍN, UNIVERSIDAD DE ANTIOQUIA, Ponente, Internacional, 2013,10,29 ,,,
D+TEC - Desarrollo Tecnológico,XII Brazilian Conference on Power Electronics (COBEP), Congreso ,Gramado, Universidad Federal de Santa María, Ponente, Internacional, 2013,10,27 ,,,
D+TEC - Desarrollo Tecnológico,Wold Engineering Education Forum (WEEF), Congreso ,CARTAGENA DE INDIAS, Asociación Colombiana De Facultades De Ingeniería - Acofi, Ponente, Nacional, 2013,09,24 ,,,
D+TEC - Desarrollo Tecnológico,Semana de Investigación Universitaria - SIU 2013, Otro ,IBAGUÉ, UNIVERSIDAD DE IBAGUÉ, Ponente, Nacional, 2013,09,03 ,,,
D+TEC - Desarrollo Tecnológico,I Workshop on Power Electronics and Power Quality Applications (PEPQA), Taller ,"BOGOTÁ, D.C.", UNIVERSIDAD DE LOS ANDES, Ponente, Nacional, 2013,07,20 ,,,
D+TEC - Desarrollo Tecnológico,"XX Seminario anual de automática, electrónica industrial e instrumentación (SAAEI)", Seminario ,MADRID, UNIVERSIDAD POLITÉCNICA DE MADRID, Ponente, Internacional, 2013,07,10 ,,,
D+TEC - Desarrollo Tecnológico,Graduate Students Meeting on Electronics Engineering, Encuentro ,Tarragona, UNIVERSITAT ROVIRA I VIRGILI, Ponente, Internacional, 2013,06,20 ,,,
D+TEC - Desarrollo Tecnológico,XIV edition du Congres de l'Ecole Doctorale Systemes, Congreso ,Tarbes, UNIVERSIDAD DE IBAGUÉ, Ponente, Internacional, 2013,04,16 ,,,
D+TEC - Desarrollo Tecnológico,"X International Multi-Conference on Systems, Signals & Devices (SSD)", Congreso ,Hammamet, Institute Of Electrical And Electronics Engineers-Ieee, Ponente, Internacional, 2013,03,18 ,,,
D+TEC - Desarrollo Tecnológico,14th Aachener Membran Colloquium, Congreso ,Aach, TECHNICAL UNIVERSITY OF DENMARK, Ponente, Internacional, 2012,11,07 ,,,
D+TEC - Desarrollo Tecnológico,IV IEEE Colombian Workshop on CIrcuits and Systems (CWCAS), Taller ,BARRANQUILLA, Ieee Circuits And System Society, Ponente, Nacional, 2012,11,01 ,,,
D+TEC - Desarrollo Tecnológico,I Congreso nacional de ingeniería aplicada (CNIA), Congreso ,IBAGUÉ, UNIVERSIDAD DE IBAGUÉ, Ponente Magistral, Nacional, 2012,09,27 ,,,
D+TEC - Desarrollo Tecnológico,CONGRESO NACIONAL DE INGENIERÍA APLICADA, Congreso ,IBAGUÉ, UNIVERSIDAD DE IBAGUÉ, Ponente, Nacional, 2012,09,27 ,,,
D+TEC - Desarrollo Tecnológico,"1er. CONGRESO INTERNACIONAL DE TECNOLOGÍAS AVANZADAS EN MECATRÓNICA, DISEÑO Y MANUFACTURA", Congreso ,PEREIRA, UNIVERSIDAD DE IBAGUÉ, Ponente, Internacional, 2012,09,01 ,,,
D+TEC - Desarrollo Tecnológico,14th Nordic Filtration Symposium, Simposio ,Aalborg, TECHNICAL UNIVERSITY OF DENMARK, Ponente, Internacional, 2012,08,30 ,,,
D+TEC - Desarrollo Tecnológico,XIII Congres de l'Ecole Doctorale Systemes, Congreso ,Toulouse, Laas, Asistente, Internacional, 2012,02,09 ,,,
D+TEC - Desarrollo Tecnológico,Nordic Process Control Workshop NPCW17, Simposio ,Kgs. Lyngby, TECHNICAL UNIVERSITY OF DENMARK, Ponente Magistral, Internacional, 2012,01,25 ,,,
D+TEC - Desarrollo Tecnológico,2011 50th IEEE Conference on Decision and Control and European Control Conference (CDC-ECC), Congreso ,Orlando, UNIVERSIDAD DE IBAGUÉ, Ponente, Internacional, 2011,12,12 ,,,
D+TEC - Desarrollo Tecnológico,Jornada de Investigación de la Facultad de Ingeniería  - JIFI 2011, Otro ,IBAGUÉ, UNIVERSIDAD DE IBAGUÉ, Ponente Magistral, Nacional, 2011,11,03 ,,,
D+TEC - Desarrollo Tecnológico,International Congress on Membranes and Membranes Processes - ICOM2011, Congreso ,Amsterdam, TECHNICAL UNIVERSITY OF DENMARK, Ponente, Internacional, 2011,07,23 ,,,
D+TEC - Desarrollo Tecnológico,21th European Symposium on Computer Aided Process Engineering - ESCAPE21, Simposio ,Chalkidiki, TECHNICAL UNIVERSITY OF DENMARK, Ponente Magistral, Internacional, 2011,05,29 ,,,
D+TEC - Desarrollo Tecnológico,IX Encuentro regional de semilleros de investigación, Encuentro ,IBAGUÉ, Fundación Red Colombiana de Semilleros de Investigación RedColsi, Asistente, Nacional, 2011,05,20 ,,,
D+TEC - Desarrollo Tecnológico,IEEE Latin American Symposium on Circuits And SYstems, Congreso ,"BOGOTÁ, D.C.", Ieee Circuits And System Society, Asistente, Internacional, 2011,02,23 ,,,
D+TEC - Desarrollo Tecnológico,XI  Congreso Iberoamericano de Materiales y Metalurgia IBEROMET CONAMET 2010, Congreso ,Viña del Mar, UNIVERSIDAD DE IBAGUÉ, Ponente, Internacional, 2010,11,02 ,,,
D+TEC - Desarrollo Tecnológico,Jornada de Investigación de la Facultad de Ingeniería - JIFI 2010, Otro ,IBAGUÉ, UNIVERSIDAD DE IBAGUÉ, Asistente, Nacional, 2010,10,06 ,,,
D+TEC - Desarrollo Tecnológico,I Encuentro nacional de aplicaciones electrónicas, Encuentro ,IBAGUÉ, UNIVERSIDAD DE IBAGUÉ, Ponente Magistral, Nacional, 2010,08,20 ,,,
D+TEC - Desarrollo Tecnológico,Primer Encuentro Nacional de Aplicaciones Electrónicas, Encuentro ,Universidad de Ibague,, Organizador, Nacional, 2010,08,01 ,,,
D+TEC - Desarrollo Tecnológico,20th European Symposium on Computer Aided Process Engineering - ESCAPE20, Simposio ,Ischia, Computer Aided Chemical Engineering, Ponente Magistral, Internacional, 2010,06,06 ,,,
D+TEC - Desarrollo Tecnológico,20th European Symposium on Computer Aided Process Engineering - ESCAPE20, Simposio ,Ischia, TECHNICAL UNIVERSITY OF DENMARK, Ponente Magistral, Internacional, 2010,06,06 ,,,
D+TEC - Desarrollo Tecnológico,XIV CONGRESO COLOMBIANO DE PSICOLOGIA, Congreso ,IBAGUÉ, Sociedad Colombiana de Psicología," Asistente , Ponente", Nacional, 2010,04,01 ,,,
D+TEC - Desarrollo Tecnológico,III IEEE Colombian Workshop on Circuits and Systems (CWCAS), Taller ,"BOGOTÁ, D.C.", Ieee Circuits And System Society, Ponente, Nacional, 2009,10,05 ,,,
D+TEC - Desarrollo Tecnológico,IV jornada de Investigación de la Facultad de Ingeniería JIFI 2009, Otro ,IBAGUÉ,, Asistente, null, 2009,10,01 ,,,
D+TEC - Desarrollo Tecnológico,10th International Symposium on Process Systems Engineering, Simposio ,Salvador, Computer Aided Chemical Engineering, Ponente Magistral, Internacional, 2009,09,16 ,,,
D+TEC - Desarrollo Tecnológico,5 to Encuentro Nacional de Materiales modulo ceramicos, Encuentro ,MEDELLÍN, UNIVERSIDAD DE IBAGUÉ, Ponente, Nacional, 2009,09,01 ,,,
D+TEC - Desarrollo Tecnológico,19th European Symposium on Computer Aided Process Engineering - ESCAPE19, Simposio ,Krakow, Computer Aided Chemical Engineering, Ponente Magistral, Internacional, 2009,06,14 ,,,
D+TEC - Desarrollo Tecnológico,Nordic Process Control Workshop 09, Congreso ,Porsgrunn, TELEMARK UNIVERSITY COLLEGE, Ponente Magistral, Internacional, 2009,01,29 ,,,
D+TEC - Desarrollo Tecnológico,Tercer Encuentro Nacional de Jefes de Mantenimiento, Encuentro ,IBAGUÉ, Andi, Organizador, Nacional, 2009,01,01 ,,,
D+TEC - Desarrollo Tecnológico,3 jornadade Investigación Facultad de Ingeniería, Otro ,IBAGUÉ,, Asistente, null, 2008,11,01 ,,,
D+TEC - Desarrollo Tecnológico,3 Jornadas de Investigación facultad de Ingeniería, Otro ,IBAGUÉ,, Asistente, null, 2008,11,01 ,,,
D+TEC - Desarrollo Tecnológico,3 Jornada de Investigación- facultad de Ingeniería, Otro ,IBAGUÉ, UNIVERSIDAD DE IBAGUÉ, Organizador, Nacional, 2008,10,01 ,,,
D+TEC - Desarrollo Tecnológico,3 Jornada de Investigación- Facultad de Ingeniería, Otro ,null,, Asistente, null, 2008,10,01 ,,,
D+TEC - Desarrollo Tecnológico,3 Jornada de Investigación Facultad de Ingeniería, Otro ,IBAGUÉ,, Asistente, null, 2008,10,01 ,,,
D+TEC - Desarrollo Tecnológico,X Congreso Iberoamericano de Materiales, Congreso ,CARTAGENA DE INDIAS,, Asistente, null, 2008,10,01 ,,,
D+TEC - Desarrollo Tecnológico,V Congreso Bolivariano De Ingeniería Mecánica II Congreso Binacional de Ingeniería Mecánica, Congreso ,CÚCUTA, Universidad de Pamplona  y Sociedad Bolivariana de Ingeniería Mecánica, Organizador, Nacional, 2008,06,01 ,,,
D+TEC - Desarrollo Tecnológico,Foro Académico- Internacionalización de los programas de Ingeniería- ACOFI, Otro ,IBAGUÉ, UNIVERSIDAD DE IBAGUÉ, Organizador, Nacional, 2008,01,01 ,,,
D+TEC - Desarrollo Tecnológico,SEGUNDO ENCUENTRO NACIONAL DE JEFES DE MANTENIMIENTO, Encuentro ,IBAGUÉ, ANDI SECCIONAL TOLIMA-HUILA, Organizador, Nacional, 2008,01,01 ,,,
D+TEC - Desarrollo Tecnológico,The 17th IFAC World Congress 2008, Congreso ,Seúl,, Asistente, null, 2008,01,01 ,,,
GINNOVA,Segundo Congreso Nacional de Comunicación Escenarios de la cuarta revolución, Congreso ,PEREIRA, UNIVERSIDAD DE IBAGUÉ, Ponente, Nacional, 2020,10,28 ,,,
GINNOVA,Octavo Encuentro Nacional de la Red IDDEAL, Encuentro ,IBAGUÉ, UNIVERSIDAD DE IBAGUÉ," Organizador , Ponente", Nacional, 2020,10,21 ,,,
GINNOVA,7th Workshop on Engineering Applications (WEA 2020), Congreso ,"BOGOTÁ, D.C.", UNIVERSIDAD DE IBAGUÉ, Ponente, Nacional, 2020,10,07 ,,,
GINNOVA,7th Workshop on Engineering Applications (WEA 2020), Congreso ,"BOGOTÁ, D.C.", UNIVERSIDAD DE IBAGUÉ," Asistente , Ponente", Nacional, 2020,10,07 ,,,
GINNOVA,7th Workshop on Engineering Applications (WEA 2020), Congreso ,"BOGOTÁ, D.C.", UNIVERSIDAD DE IBAGUÉ," Asistente , Ponente", Nacional, 2020,10,07 ,,,
GINNOVA,SALURBAL Annual Team Meeting, Encuentro ,virtual, Drexel University, Asistente, Internacional, 2020,08,25 ,,,
GINNOVA,CIDIP2020, Congreso ,Valencia, UNIVERSIDAD DE IBAGUÉ, Ponente Magistral, Nacional, 2020,07,07 ,,,
GINNOVA,CIDIP2020, Congreso ,Valencia, UNIVERSIDAD DE IBAGUÉ, Ponente, Nacional, 2020,07,07 ,,,
GINNOVA,6th Biannual Meeting for the Wellcome Trust-Funded Salud Urbana en América Latina (SALURBAL) Project, Encuentro ,Lima, Universidad Peruana Cayetano heredia, Asistente, Internacional, 2019,10,21 ,,,
GINNOVA,Workshop on Engineering Applications 2019, Congreso ,SANTA MARTA, UNIVERSIDAD DISTRITAL FRANCISCO JOSÉ DE CALDAS, Ponente, Internacional, 2019,10,16 ,,,
GINNOVA,Séptimo Encuentro Nacional de la Red IDDEAL, Encuentro ,CALI, UNIVERSIDAD DE IBAGUÉ, Asistente, Nacional, 2019,09,18 ,,,
GINNOVA,III Congreso Colombiano de Investigación de Operaciones -ASOCIO 2019, Congreso ,BUCARAMANGA, UNIVERSIDAD  INDUSTRIAL DE SANTANDER, Ponente, Nacional, 2019,09,12 ,,,
GINNOVA,"VI Congreso Internacional Industria, Organizaciones y Logística: ""Impactos y perspectivas de la cuarta revolución industrial""", Congreso ,CARTAGENA DE INDIAS, UNIVERSIDAD DE IBAGUÉ, Ponente, Internacional, 2019,08,22 ,,,
GINNOVA,"VI Congreso Internacional Industria, Organizaciones y Logística", Congreso ,CARTAGENA DE INDIAS, UNIVERSIDAD NACIONAL DEL ROSARIO, Ponente, Nacional, 2019,08,22 ,,,
GINNOVA,LATIN AMERICA CONFERENCE 2.0 ON COMPLEX NETWORKS, Congreso ,CARTAGENA DE INDIAS, UNIVERSIDAD DE LOS ANDES, Ponente, Internacional, 2019,08,05 ,,,
GINNOVA,LANET - 2019: 2nd. Latin American Conference on Complex Networks, Congreso ,CARTAGENA DE INDIAS, UNIVERSIDAD DE IBAGUÉ, Ponente, Internacional, 2019,08,05 ,,,
GINNOVA,IISE Annual Conference & Expo, Congreso ,"Orlando, FL",  INSTITUTE OF INDUSTRIAL AND SYSTEMS ENGINEERS, Ponente, Internacional, 2019,05,18 ,,,
GINNOVA,"Mejores prácticas Franco México Colombianas contra la Obesidad, Diabetis, Dislipidemias, las enfermedades crónicas no transmisibles y la salud mental 2018-2020", Taller ,"BOGOTÁ, D.C.", Universidad del Rosario, Ponente Magistral, Nacional, 2018,12,03 ,,,
GINNOVA,The Movement to move: Global Insights to Get our Kids Moving, Congreso ,Adelaide, University of South Australia, Ponente, Internacional, 2018,11,26 ,,,
GINNOVA,III Encuentro Internacional de Ingeniería y II Simposio de Gestión Ambiental Corhuila 2018, Simposio ,NEIVA, UNIVERSIDAD DE IBAGUÉ, Ponente, Nacional, 2018,11,15 ,,,
GINNOVA,4th Biannual Meeting for the Wellcome Trust-Funded Salud Urbana en América Latina (SALURBAL) Project, Encuentro ,Oaxaca, Drexel University, Asistente, Internacional, 2018,11,05 ,,,
GINNOVA,5th Workshop on Engineering Applications, Congreso ,MEDELLÍN, UNIVERSIDAD DE IBAGUÉ," Asistente , Ponente", Nacional, 2018,10,17 ,,,
GINNOVA,5th Workshop on Engineering Applications, Congreso ,MEDELLÍN, UNIVERSIDAD DE IBAGUÉ, Ponente, Nacional, 2018,10,17 ,,,
GINNOVA,Walk 21 Bogotá Walkable city, Congreso ,"BOGOTÁ, D.C.", UNIVERSIDAD DE LOS ANDES, Ponente, Internacional, 2018,10,15 ,,,
GINNOVA,1st INTERACT Interdisciplinary Symposium on Social Network Analysis, Simposio ,"BOGOTÁ, D.C.", UNIVERSIDAD DE LOS ANDES, Ponente Magistral, Internacional, 2018,06,18 ,,,
GINNOVA,1st INTERACT Interdisciplinary Symposium on Social Network Analysis, Simposio ,"BOGOTÁ, D.C.", UNIVERSIDAD DE LOS ANDES, Ponente, Internacional, 2018,06,18 ,,,
GINNOVA,International school and conference on Network science, Congreso ,Paris, University of Toulon, Ponente, Internacional, 2018,06,11 ,,,
GINNOVA,SALUD URBANA EN CENTROAMÉRICA - POLÍTICAS E INICIATIVAS, Simposio ,Antigua, Drexel University, Asistente, Internacional, 2018,05,18 ,,,
GINNOVA,3rd Biannual Meeting for the Wellcome Trust-Funded Salud Urbana en América Latina (SALURBAL) Project, Encuentro ,Antigua, Drexel University, Asistente, Internacional, 2018,05,16 ,,,
GINNOVA,47th International Conference on Computers and Industrial Engineering, Congreso ,Lisboa, UNIVERSIDAD DE IBAGUÉ, Ponente, Internacional, 2017,10,11 ,,,
GINNOVA,47th International Conference on Computers & Industrial Engineering, Congreso ,Lisboa, UNIVERSIDAD DE IBAGUÉ, Ponente, Internacional, 2017,10,11 ,,,
GINNOVA,The 47th International Conference on Computers & Industrial Engineering (CIE47), Congreso ,Lisboa, Universidad Nacional de Colombia - COLCIENCIAS, Ponente, Nacional, 2017,10,11 ,,,
GINNOVA,Technical Workshop Mission Oriented Approach to Innovation Policy for Long Term Smart Growth in LAC, Taller ,Washington DC, Banco Interamericano de Desarrollo - Estados Unidos, Ponente Magistral, Internacional, 2017,04,18 ,,,
GINNOVA,Exploración de Redes de Valor para Productos Hortofrutícolas Representativos de la Región Tolima - Colombia, Congreso ,Ciudad del Cabo, UNIVERSIDAD DE IBAGUÉ, Ponente, Internacional, 2016,11,01 ,,,
GINNOVA,ICCTA2016, Congreso ,"BOGOTÁ, D.C.", UNIVERSIDAD DE IBAGUÉ, Ponente, Internacional, 2016,11,01 ,,,
GINNOVA,COGESTEC2016, Congreso ,BUCARAMANGA, UNIVERSIDAD DE IBAGUÉ, Ponente, Internacional, 2016,10,25 ,,,
GINNOVA,COGESTEC 2016, Congreso ,BUCARAMANGA, UNIVERSIDAD DE IBAGUÉ, Ponente, Nacional, 2016,10,25 ,,,
GINNOVA,COGESTEC2016, Congreso ,BUCARAMANGA, UNIVERSIDAD DE IBAGUÉ, Ponente, Internacional, 2016,10,25 ,,,
GINNOVA,CLAIO 2016, Congreso ,Santiago, UNIVERSIDAD DE IBAGUÉ, Ponente, Internacional, 2016,10,03 ,,,
GINNOVA,"XVIII CLAIO, the Latin-Iberoamerican Conference on Operations Research", Congreso ,Santiago de Chile, UNIVERSIDAD DE IBAGUÉ, Ponente, Internacional, 2016,10,02 ,,,
GINNOVA,Claio 2016. Latin-Iberoamerican Conference on Operations Research, Congreso ,Ciudad del Cabo, UNIVERSIDAD DE IBAGUÉ, Ponente, Internacional, 2016,10,02 ,,,
GINNOVA,Latin-IberoamericanConference on Operations Research, Congreso ,Santiago, Gobernación Del Tolima, Ponente, Internacional, 2016,10,02 ,,,
GINNOVA,CLAIO 2016, Congreso ,Santiago, UNIVERSIDAD DE IBAGUÉ, Ponente, Internacional, 2016,10,02 ,,,
GINNOVA,5th World Production and Operations Management Conference, Congreso ,La Habana, Gobernación Del Tolima, Ponente, Internacional, 2016,09,06 ,,,
GINNOVA,"5th P&OM Conference, Havana-Cuba, Septiembre", Congreso ,BUCARAMANGA, UNIVERSIDAD DE IBAGUÉ, Ponente Magistral, Internacional, 2016,09,06 ,,,
GINNOVA,15th International Conference on Project Management and Scheduling, Congreso ,Valencia, UNIVERSIDAD DE IBAGUÉ, Ponente, Internacional, 2016,04,19 ,,,
GINNOVA,2016 MIT SCALE Latin American Conference, Congreso ,Boston, UNIVERSIDAD DE IBAGUÉ, Ponente Magistral, Internacional, 2016,03,21 ,,,
GINNOVA,XVI Congreso Latino-Iberoamericano de Gestión Tecnológica - ALTEC 2015, Congreso ,Porto Alegre, UNIVERSIDAD DE IBAGUÉ, Ponente, Internacional, 2015,10,19 ,,,
GINNOVA,Semana de la Investigación, Seminario ,IBAGUÉ, UNIVERSIDAD DE IBAGUÉ, Ponente Magistral, Nacional, 2015,10,07 ,,,
GINNOVA,7th Multidisciplinary International Conference on Scheduling: Theory and Applications, Congreso ,PRAGA, UNIVERSIDAD DE IBAGUÉ, Ponente, Internacional, 2015,08,25 ,,,
GINNOVA,23rd International Conference on Multiple Criteria Decision Making MCDM-2015, Congreso ,Hamburgo, UNIVERSIDAD DE IBAGUÉ, Ponente, Nacional, 2015,08,02 ,,,
GINNOVA,23rd International Conference on Multiple criteria decision making MCDM 2015, Congreso ,Hamburgo, UNIVERSIDAD DE LOS ANDES, Ponente, Internacional, 2015,08,02 ,,,
GINNOVA,Congreso de la Asociación Colombiana de Investigación de Operaciones ASOCIO 2015, Congreso ,MANIZALES, UNIVERSIDAD DE IBAGUÉ, Ponente, Nacional, 2015,07,15 ,,,
GINNOVA,Congreso de la Asociación Colombiana de Investigación de Operaciones ASOCIO 2015, Congreso ,CHÍA, UNIVERSIDAD DE IBAGUÉ, Ponente, Nacional, 2015,07,15 ,,,
GINNOVA,Congreso internacional de investigación en turismo, Congreso ,"BOGOTÁ, D.C.", UNIVERSIDAD DE IBAGUÉ, Ponente, Internacional, 2014,10,22 ,,,
GINNOVA,Congreso Internacional de Investigación en Turismo, Congreso ,"BOGOTÁ, D.C.", UNIVERSIDAD DE IBAGUÉ, Ponente, Internacional, 2014,10,22 ,,,
GINNOVA,Semana de Investigación Universitaria SIU 2014, Otro ,IBAGUÉ, UNIVERSIDAD DE IBAGUÉ, Ponente, Nacional, 2014,09,22 ,,,
GINNOVA,4ta. Semana de Investigación Universitaria - SIU2014, Otro ,IBAGUÉ, UNIVERSIDAD DE IBAGUÉ," Asistente , Ponente", Nacional, 2014,09,22 ,,,
GINNOVA,"SIU 2014, Desarrollo Regiona, Logística e industria del Servicio.", Congreso ,IBAGUÉ, UNIVERSIDAD DE IBAGUÉ, Ponente Magistral, Nacional, 2014,09,22 ,,,
GINNOVA, IX Encuentro internacional de investigadores de la red latinoamericana de cooperacion Universitaria, Encuentro ,CALI, Red Latinoamericana de Cooperación Universitaria, Ponente Magistral, Internacional, 2014,06,12 ,,,
GINNOVA,IX Encuentro Internacional de Investigadores de la Red Latinoamericana de Cooperación Universitaria, Encuentro ,CALI, UNIVERSIDAD AUTONOMA DE OCCIDENTE, Ponente, Internacional, 2014,06,12 ,,,
GINNOVA,IX Encuentro de Investigadores de la Red Latinoamericana de Cooperación Universitaria, Encuentro ,CALI, UNIVERSIDAD AUTONOMA DE OCCIDENTE, Ponente, Nacional, 2014,06,12 ,,,
GINNOVA,"IX Encuentro Internacional de Investigadores de la Red Latinoamericana de Cooperación Universitaria, RLCU 2014.  ¿La capacidad de procesos como métrica de calidad para características cualitativas¿.  Cali, Colombia, junio 12-13 de 2014.", Congreso ,CALI, UNIVERSIDAD DE IBAGUÉ, Ponente, Internacional, 2014,06,12 ,,,
GINNOVA,XV Congreso Latino-Iberoamericano de Gestión Tecnológica, Congreso ,IBAGUÉ, Fundación Segunda Expedicion Botánica, Ponente, Internacional, 2013,10,31 ,,,
GINNOVA,ALTEC 2013, Otro ,Porto, ALTEC, Ponente Magistral, Internacional, 2013,10,30 ,,,
GINNOVA, Seminario Ibero Latinoamericano de Gestión Tecnológica e Innovación ALTEC 2013, Seminario ,Barcelona, Fundación Segunda Expedicion Botánica, Ponente, Internacional, 2013,10,27 ,,,
GINNOVA,3ra Semana de Investigación Universitaria SIU 2013, Congreso ,IBAGUÉ, UNIVERSIDAD DE IBAGUÉ, Ponente, Nacional, 2013,09,16 ,,,
GINNOVA,3ra. Semana de Investigación Universitaria - SIU2013, Otro ,IBAGUÉ, UNIVERSIDAD DE IBAGUÉ, Ponente Magistral, Nacional, 2013,09,16 ,,,
GINNOVA,Semana de Investigación Universitaria - SUI 2013, Otro ,IBAGUÉ, UNIVERSIDAD DE IBAGUÉ, Ponente, Nacional, 2013,09,16 ,,,
GINNOVA,"Ponente en la 4th International Conference Life Cycle Engineering  and Management  ¿ICDQM ¿ 2013¿. Using Six Sigma Approach in a SME. Belgrado, Serbia 27 y 28 de junio de 2013.", Congreso ,AGUACHICA, UNIVERSIDAD POLITÉCNICA DE VALENCIA - INTERNACIONAL, Ponente Magistral, Internacional, 2013,06,26 ,,,
GINNOVA,4th International Conference Life Cycle Engineering and Management, Congreso ,Belgrado, International Conference Life Cycle Engineering and Management, Ponente, Internacional, 2013,06,23 ,,,
GINNOVA,VIII encuentro de investigadores de la Red Latinoamericana de Cooperación Universitaria, Encuentro ,Concepción del Uruguay, Universidad de Concepción del Uruguay, Ponente, Internacional, 2012,11,22 ,,,
GINNOVA,VIII Encuentro de Investigadores de la RLCU, Encuentro ,Concepción del Uruguay, Red Latinamericana de Cooperación Universitaria, Ponente, Nacional, 2012,11,01 ,,,
GINNOVA,III Congreso internacional de gestión tecnológica e innovación 2012 - Competitividad en los mercados abiertos, Congreso ,MEDELLÍN, UNIVERSIDAD DE IBAGUÉ, Ponente, Nacional, 2012,10,11 ,,,
GINNOVA,III Congreso Internacional de Gestión Tecnológica e innovación 2012., Congreso ,MEDELLÍN, CONGRESO INTERNACIONAL DE GESTION TECNOLOGICA E INNOVACION 2012, Asistente, Nacional, 2012,10,11 ,,,
GINNOVA,"Ponente en el XV Encuentro Nacional y XI Internacional de Semilleros de Investigación RedCOLSI. Técnicas de medición y mejoramiento de procesos orientadas a capacidades seis sigma. Universidad de Cooperativa de Colombia. Bucaramanga, octubre 11 ¿ 14 de 2012.", Encuentro ,BUCARAMANGA, UNIVERSIDAD DE IBAGUÉ, Ponente, Internacional, 2012,10,11 ,,,
GINNOVA,IV Congreso Iberoamericano Soporte al Conocimiento con la Tecnología SOCOTE 2012, Congreso ,Barcelona, UNIVERSIDAD PONTIFICIA BOLIVARIANA SECCIONAL BUCARAMANGA, Ponente, Nacional, 2012,10,04 ,,,
GINNOVA,I congreso nacional de ingenieria aplicada CNIA 2012, Congreso ,IBAGUÉ, UNIVERSIDAD DE IBAGUÉ," Compilador de memorias , Organizador , Ponente", Nacional, 2012,09,28 ,,,
GINNOVA,Congreso Nacional de Ingeniería Aplicada CNIA, Congreso ,IBAGUÉ, UNIVERSIDAD DE IBAGUÉ, Ponente, Nacional, 2012,09,27 ,,,
GINNOVA,"Congreso Nacional de Ingeniería Aplicada, CNIA 2012", Congreso ,IBAGUÉ, Congreso Nacional de Ingeniería Aplicada, Ponente, Nacional, 2012,09,17 ,,,
GINNOVA,I Congreso Nacional de Ingenería Aplicada - CNIA2012, Congreso ,IBAGUÉ, UNIVERSIDAD DE IBAGUÉ, Organizador, Nacional, 2012,09,01 ,,,
GINNOVA,IV Congreso Iberoamericano Soporte al Conocimiento con la Tecnología SOCOTE 2012, Congreso ,BUCARAMANGA, UNIVERSIDAD PONTIFICIA BOLIVARIANA SECCIONAL BUCARAMANGA, Ponente, Nacional, 2012,09,01 ,,,
GINNOVA,X Encuentro Departamental de Semilleros de Investigación-RedColsi, Encuentro ,IBAGUÉ, Fundación Red Colombiana de Semilleros de Investigación RedColsi, Ponente, Nacional, 2012,05,19 ,,,
GINNOVA,I Seminario de Formación en Investigación, Seminario ,IBAGUÉ, UNIVERSIDAD NACIONAL ABIERTA Y A DISTANCIA, Asistente, Nacional, 2012,04,14 ,,,
GINNOVA,III Congreso Internacional de Gestión Tecnológica e Innovación 2012 ¿ COGESTEC, Congreso ,MEDELLÍN, UNIVERSIDAD PONTIFICIA BOLIVARIANA, Ponente, Internacional, 2012,01,01 ,,,
GINNOVA,"XIV Congreso Latino-Iberoamericando de Gestión tecnológica, ALTEC 2011", Congreso ,Lima, Fundación Segunda Expedicion Botánica, Ponente, Internacional, 2011,10,21 ,,,
GINNOVA,Semana de Investigaciones Universitaria, Otro ,IBAGUÉ, UNIVERSIDAD DE IBAGUÉ, Ponente, Nacional, 2011,09,13 ,,,
GINNOVA,Semana Universitaria de investigaciones, Otro ,Indianapolis, UNIVERSIDAD DE IBAGUÉ, Ponente, Nacional, 2011,09,05 ,,,
GINNOVA,61st Annual Conference and Expo of the Institute of Industrial Engineers 2011, Otro ,Reno, UNIVERSIDAD DE IBAGUÉ, Ponente, Internacional, 2011,05,21 ,,,
GINNOVA,61th Encuentro IIE congress, Congreso ,Estados Unidos, Institute Of Industrial Engineers, Ponente, Internacional, 2011,05,21 ,,,
GINNOVA,61 International Congress of IIE, Congreso ,Estados Unidos, Unibague, Ponente, Internacional, 2011,05,21 ,,,
GINNOVA,61th Encuentro IIE congress, Congreso ,Indianapolis, Institute Of Industrial Engineers, Ponente, Nacional, 2011,04,04 ,,,
GINNOVA,5th International Conference on Production Research Americas, Otro ,"BOGOTÁ, D.C.",, Asistente, null, 2010,07,01 ,,,
GINNOVA,BALAS ANNUAL CONFERENCE 2010, Congreso ,Barcelona, The Business Association of Latin American Studies, Ponente, Internacional, 2010,03,25 ,,,
GINNOVA,BALAS ANNUAL CONFERENCE 2010, Congreso ,Barcelona, The Business Association of Latin American Studies, Organizador, Internacional, 2010,01,01 ,,,
GINNOVA,5th International conference on production research americas 2010, Congreso ,"BOGOTÁ, D.C.", UNIVERSIDAD DE LOS ANDES, Ponente, Internacional, 2010,01,01 ,,,
GINNOVA,XIII Seminario de la Asociación Latino-iberoamericana de Gestión Tecnológica - ALTEC 2009, Seminario ,CARTAGENA DE INDIAS,, Asistente, null, 2009,11,01 ,,,
GINNOVA,"Jornada de investigación de la Facultad de Ingeniería de la Universidad de Ibagué, JIFI", Congreso ,IBAGUÉ, UNIVERSIDAD DE IBAGUÉ, Ponente, Nacional, 2009,10,28 ,,,
GINNOVA,IV Jornada de Investigaciones de la Facultad de Ingeniería JIFI 2009, Otro ,Manaus, UNIVERSIDAD DE IBAGUÉ, Ponente, Nacional, 2009,10,19 ,,,
GINNOVA,IV Jornada de Comunicaciones sobre investigación de la Facultad de Ingeniería de la Universidad de Ibagué, Otro ,IBAGUÉ, UNIVERSIDAD DE IBAGUÉ, Ponente, Nacional, 2009,10,08 ,,,
GINNOVA,IV Jornada de Investigaciones de la Facultad de Ingeniería JIFI 2009, Otro ,IBAGUÉ, UNIVERSIDAD DE IBAGUÉ, Ponente, Nacional, 2009,10,01 ,,,
GINNOVA,MKSE Managing services in the knowledge economy 2009, Otro ,null,, Asistente, null, 2009,07,01 ,,,
GINNOVA,MKSE Managing services in the knowledge economy 2009, Otro ,CALI,, Asistente, null, 2009,07,01 ,,,
GINNOVA,International R&D Cooperation with Latin America Workshop, Otro ,Madrid, UNIVERSIDAD POLITÉCNICA DE MADRID, Organizador, Nacional, 2009,02,01 ,,,
GINNOVA,Simposium Internacional de Sistemas Computacionales e Informática, Simposio ,Durango, Instituto Tecnológico de Durango, Organizador, Internacional, 2008,11,01 ,,,
GINNOVA,Reunión Nacional de Facultades de Ingeniería ACOFI, Otro ,CALI,, Asistente, null, 2008,10,01 ,,,
GINNOVA,XIV Congreso Latino Ibero Americano de Investigación de Operaciones, Congreso ,CARTAGENA DE INDIAS,, Asistente, null, 2008,09,01 ,,,
GINNOVA,XIV Congreso Ibero Americano de Investigación de Operaciones, Congreso ,IBAGUÉ,, Asistente, null, 2008,09,01 ,,,
GINNOVA,I Congreso Internacional de Gestión Tecnológica, Congreso ,SANTA MARTA,, Asistente, null, 2008,08,01 ,,,
GINNOVA,III Jornada de Comunicaciones sobre investigación, Otro ,IBAGUÉ, UNIVERSIDAD DE IBAGUÉ, Ponente, Nacional, 2008,08,01 ,,,
GINNOVA,Encuentro nacional de Facultades de Ingeniería, Encuentro ,IBAGUÉ, Asociación Colombiana De Facultades De Ingeniería - Acofi, Organizador, Nacional, 2008,01,01 ,,,
GINNOVA,XII Seminario Latino-Iberoamericano de Gestión Tecnológica - ALTEC 2007, Seminario ,BUENOS AIRES, ALTEC, Ponente, Internacional, 2007,01,01 ,,,
GINNOVA,Congreso Latinoamericano de Gestión Tecnológica ALTEC, Congreso ,Buenos Aires, Fundación Segunda Expedicion Botánica, Organizador, Internacional, 2007,01,01 ,,,
GINNOVA,Congreso Latinoamericano de Gestión Tecnológica ALTEC 2007, Congreso ,Buenos Aires, Fundación Segunda Expedicion Botánica, Organizador, Internacional, 2007,01,01 ,,,
GINNOVA,9th International Conference of Science & Technology Indicators, Otro ,Leuven, Leuven University, Asistente, Nacional, 2006,09,01 ,,,
GINNOVA,X Congreso Internacional de Ingeniería de Proyectos., Congreso ,"Valencia, España",, Asistente, null, 2006,01,01 ,,,
GINNOVA,III Encuentro Internacional de Investigadores de La Red Latinoamericana de Cooperación Universitaria - RLCU, Encuentro ,IBAGUÉ,, Asistente, null, 2006,01,01 ,,,
GINNOVA,XI Congreso Latinoamericano de Gestión Tecnológica - ALTEC, Congreso ,Salvador de Bahía . Brasil,, Asistente, null, 2006,01,01 ,,,
GINNOVA,XVI Simposio de estadística y III encuentro Colombia-Venezuela de Estadística, Encuentro ,BUCARAMANGA, FUNDACIÓN PARA LA INVESTIGACIÓN UNIVERSITARIA E INDUSTRIAL EN SANTANDER, Organizador, Nacional, 2006,01,01 ,,,
GINNOVA,II Jornada de Comunicaciones sobre Investigaciones, Otro ,IBAGUÉ, UNIVERSIDAD DE IBAGUÉ, Organizador, Nacional, 2005,11,10 ,,,
GINNOVA,Tercer Congreso Internacional de Gestión del Conocimiento, Congreso ,TUNJA, UNIVERSIDAD  INDUSTRIAL DE SANTANDER, Asistente, Nacional, 2005,10,06 ,,,
GINNOVA,Congreso Internacional de Innovación Tecnológica, Congreso ,Bahia,, Asistente, null, 2005,10,01 ,,,
GINNOVA,XI Seminario de gestión Tecnologica, Seminario ,Bahia, ALTEC, Organizador, Nacional, 2005,01,01 ,,,
GINNOVA,Tercer Congreso Internacional de Gestión del Conocimiento y gestión de la calidad, Congreso ,IBAGUÉ, ITICOL, Organizador, Nacional, 2005,01,01 ,,,
GINNOVA,Congreso Latinoamericano de Gestión Tecnológica ALTEC 2005, Congreso ,Bahia, Fundación Segunda Expedicion Botánica, Organizador, Internacional, 2005,01,01 ,,,
GINNOVA,XI SEMINARIO DE GESTIÓN TECNOLOGICA ALTEC 2005, Seminario ,Salvador/Brasil,, Asistente, null, 2005,01,01 ,,,
GINNOVA,Aseguramiento y gestión de la calidad, Otro ,Serbia, Research Center of Dependability and Quality Management, Organizador, Nacional, 2004,01,01 ,,,
GINNOVA,VII Conferencia internacional de aseguramiento y gestión de la calidad, Otro ,Belgrado, Research center of dependability and quality management, Organizador, Internacional, 2004,01,01 ,,,
GINNOVA,7TH INTERNATIONAL CONFERENCIE DEPENDABILITY AND QUALITY MANAGEMENT, Otro ,BELGRADO - SERBIA,, Asistente, null, 2004,01,01 ,,,
GINNOVA,XXIV Reunión nacional de facultades de Ingeniería, Otro ,CARTAGENA DE INDIAS,, Asistente, null, 2004,01,01 ,,,
GINNOVA,Primera Jornada de Comuncación sobre investigaciones del programa de ingeniería industrial y el grupo de Investigación Nevado de la Universidad de Ibagué - Coruniversitaria, Otro ,IBAGUÉ,, Asistente, null, 2004,01,01 ,,,
GINNOVA,Primera Jornada de Comunicación sobre investigaciones, Otro ,IBAGUÉ,, Asistente, null, 2004,01,01 ,,,
GINNOVA,DIPLOMADO EN SISTEMAS DE GESTION DE CALIDAD, Seminario ,IBAGUÉ, UNIVERSIDAD DEL TOLIMA, Organizador, Nacional, 2003,01,01 ,,,
GINNOVA,ALTEC (Asociaciòn Latinoamericana de Ciencia y Tecnologia), Otro ,CIUDAD DE MEXICO, ALTEC, Organizador, Nacional, 2003,01,01 ,,,
GINNOVA,SELECCIÓN DE PREGUNTAS PARA EXÁMENES DE ESTADO ECAES, Taller ,"BOGOTÁ, D.C.", Asociación Colombiana De Facultades De Ingeniería - Acofi, Organizador, Nacional, 2003,01,01 ,,,
