Grupo,Nombre del producto,Tipo,Año inicio,Año fin
NATURATU,EVALUACIÓN Y PRONÓSTICO DE LOS PRINCIPALES CULTIVOS SEMESTRALES EN IBAGUÉ, Extensión y responsabilidad social CTI,,
NATURATU,DISEÑO Y MUESTREO DE SONDEOS DE OPINIÓN POLÍTICA EN IBAGUÉ, Extensión y responsabilidad social CTI,,
NATURATU,LOS EGRESADOS DE CORUNIVERSITARIA EN EL SECTOR EMPRESARIAL A COMIENZOS DEL NUEVO MILENIO, Extensión y responsabilidad social CTI,,
NATURATU,Gal Discovery: Identificación de potenciales inhibidores de la acetilcolinesterasa a partir de derivados de galantamina o alcaloides de Amarillidaceas nativas fortaleciendo el descubrimiento de nuevos fármacos a partir de la biodiversidad colombiana, Investigación y desarrollo,2021/11,Actual
NATURATU,"Gal Biofactory- Desarrollo de una biofábrica para la obtención de galantamina a partir del diseño racional in silico usando datos -OMICOS, como estrategia de producción biotecnológica de alcaloides", Investigación y desarrollo,2021/11,Actual
NATURATU,La cuenca alimentaria de la Universidad de Ibagué: evaluación del potencial del sistema alimentario universitario como mercado para la agricultura familiar sostenible del Tolima, Investigación y desarrollo,2020/3,Actual
NATURATU,"Evaluación del uso de residuos agrícolas derivados de la cosecha y procesamiento de arroz, café y maíz como alternativa de material cementante, para el mejoramiento mecánico de aceros de bajo carbono mediante tratamiento termoquímico de cementación sólida", Investigación y desarrollo,2020/2,Actual
NATURATU,Calidad en procesos educativos: Análisis semiótico de criterios evaluativos, Investigación y desarrollo,2019/8,Actual
NATURATU,La reconstrucción de lo público a partir del pequeño municipio: la perspectiva de gobernanza desde las actividades productivas prevalecientes., Investigación y desarrollo,2019/5,Actual
NATURATU,"Sistema de alertas tempranas en cultivos de arroz basado en imágenes de reflectancia, térmica y RGB de alta resolución tomadas desde drones con el fin de mejorar la productividad de los cultivos de arroz en el departamento del Tolima"," Investigación, desarrollo e innovación",2019/5,Actual
NATURATU,Estudio del efecto del flujo de nitrógeno en las propiedades de recubrimientos de TiNbNx para determinar su funcionabilidad como película protectora en piezas mecánicas sometidas a desgaste en procesos abrasivos., Investigación y desarrollo,2019/3,Actual
NATURATU,Development of rare earth free permanent magnets with different compositions," Investigación, desarrollo e innovación",2019/2,2020/2
NATURATU,Evaluación de la sostenibilidad desde el punto de vista técnico de una agrocadena de suministro de producto fresco orientada al mercado  internacional.  Caso aplicado a la cadena del aguacate Hass originaria en el norte del Tolima, Investigación y desarrollo,2019/2,Actual
NATURATU,"""Estructura Agroecológica Principal y determinación de materia orgánica como indicador de calidad del suelo de fincas cafeteras en el departamento del Tolima", Investigación y desarrollo,2019/2,Actual
NATURATU,CRECIMIENTO Y CARACTERIZACIÓN DE UNA MULTICAPA FOTÓNICA COMPUESTA POR MATERIALES FERROELECTRICO/SUPERCONDUCTOR Y SU APLICACIÓN COMO DISPOSITIVO OPTOELECTRÓNICO., Investigación y desarrollo,2019/1,Actual
NATURATU,Cuantificación automática del número celular en el cerebro de Drosophila, Investigación y desarrollo,2019/1,Actual
NATURATU,Influencia de la dieta sobre las características toxinológicas y toxicológicas de diferentes poblaciones colombianas de Phoneutria boliviensis (arane: ctenidae): aplicación de varias líneas de evidencia para el manejo de artrópodos venenosos..., Investigación y desarrollo,2018/12,Actual
NATURATU,"VARIACIÓN FILOGEOGRÁFICA, MORFOLÓGICA Y BIOACÚSTICA EN POBLACIONES DE Arremonops conirostris", Investigación y desarrollo,2018/10,Actual
NATURATU,"SISTEMÁTICA Y CONSERVACIÓN DE LA BABILLA DEL RÍO APAPORIS (Caiman crocodilus apaporiensis MEDEM 1955), TRAPECIO AMAZÓNICO, COLOMBIA", Investigación y desarrollo,2018/8,Actual
NATURATU,DIAGNÓSTICO DE LOS PRESTADORES DE SERVICIOS TURÍSTICOS ASOCIADOS A LA RUTA DE AVITURISMO DEL NORTE DEL TOLIMA, Investigación y desarrollo,2018/8,2018/12
NATURATU,"Orquídeas del cañón del Combeima, Departamento del Tolima. Determinación de sus índices de diversidad y florística", Investigación y desarrollo,2018/7,Actual
NATURATU,Teoría de Galois diferencial y control en un modelo dinámico de digestión anaerobia para tratamiento de aguas residuales, Investigación y desarrollo,2018/1,2019/12
NATURATU,"Diseño e implementación, a nivel piloto, de un modelo de gestión de cadena de suministro sustentable para la agrocadena del Aguacate Hass en el norte del Tolima, con el fin de apoyar su proceso de internacionalización", Investigación y desarrollo,2018/1,2020/12
NATURATU,Teoría de Galois diferencial y control en un modelo dinámico de digestión anaerobia para tratamiento de aguas residuales, Investigación y desarrollo,2018/1,Actual
NATURATU,IDENTIFICACIÓN QUÍMICA DE METABOLITOS SECUNDARIOS EN LÍQUENES DEL GÉNERO Sticta spp. EN EL DEPARTAMENTO DEL TOLIMA, Investigación y desarrollo,2018/1,2019/6
NATURATU,Propiedad intelectual y adecuación de la oferta," Investigación, desarrollo e innovación",2018/1,2018/12
NATURATU,Evaluando el efecto de la dosis residual de un neonicotinoide en el microbioma intestinal de Apis mellifera usando técnicas metagenómicas, Investigación y desarrollo,2018/1,Actual
NATURATU,"Comportamiento depredador, metabolismo energético y efectos toxinológicos de Phoneutria boliviensis", Investigación y desarrollo,2018/1,2019/12
NATURATU,LÍQUENES CORTÍCOLAS COMO INDICADORES DE CALIDAD ATMOSFÉRICA EN RESERVAS DE LA SOCIEDAD CIVIL DEL MUNICIPIO DE IBAGUÉ, Investigación y desarrollo,2018/1,2019/6
NATURATU,Desarrollo de sensores electroquímicos basados en electrodos serigrafiados de carbono útiles para detectar fumigantes de uso comercial, Investigación y desarrollo,2017/8,2018/12
NATURATU,DINÁMICA DE LA CALIDAD ATMOSFÉRICA DE IBAGUÉ A TRAVÉS DE GRADIENTES DE INTERVENCIÓN, Investigación y desarrollo,2017/7,2018/7
NATURATU,COMPOSICIÓN Y DIVERSIDAD DE LA FLORA ARVENSE DE UN PAISAJE CAFETERO EN EL CENTRO DEL DEPARTAMENTO DEL HUILA, Investigación y desarrollo,2017/7,2018/7
NATURATU,DINÁMICA DE LA CALIDAD ATMOSFÉRICA DE IBAGUÉ A TRAVÉS DE  GRADIENTES DE INTERVENCIÓN, Investigación y desarrollo,2017/4,2018/3
NATURATU,Flora arbórea y ornamental del campus de la Universidad de Ibagué (Tolima-Colombia), Investigación y desarrollo,2017/2,2018/7
NATURATU,"Estudio técnico y participativo de la biodiversidad aviar del municipio de Ibagué - Tolima, como estrategia para la consolidación del ecoturismo de aves, la  conservación de sus hábitats y el desarrollo de procesos de educación ambiental."," Investigación, desarrollo e innovación",2017/2,2018/3
NATURATU,Puesta en marcha y calibración de una mesa hidrogravimétrica para la concentración de minerales pesados metálicos y no metálicos, Investigación y desarrollo,2017/2,2017/11
NATURATU,IDENTIFICACIÓN  DE PESTICIDAS EN  CULTIVOS DE ARROZ MEDIANTE TECNICAS CROMATOGRAFICAS, Investigación y desarrollo,2017/2,2017/9
NATURATU,Identificación química de los metabolitos secundarios de Usnea rubicunda Stirton y evaluación de la actividad antioxidante, Investigación y desarrollo,2017/2,2017/9
NATURATU,Calibración y puesta en marcha de un sistema tamizador para los análisis granulométricos de sedimentos en ríos del Departamento del Tolima, Investigación y desarrollo,2017/2,2017/11
NATURATU,Diversidad de líquenes cortícolas en el bosque subandino El Espejo de la microcuenca de la quebrada Ambalá en la ciudad de Ibagué, Investigación y desarrollo,2017/2,2018/7
NATURATU,Desarrollo de quimiosensores para la detección de iones mercúricos en agua mediante técnicas espectrofotométricas," Investigación, desarrollo e innovación",2017/2,2020/10
NATURATU,"Estudio técnico y participativo de la biodiversidad aviar del municipio de Ibagué-Tolima, como estrategia para la consolidación del ecoturismo de aves, la  conservación de sus hábitats y el desarrollo de procesos de educación ambiental", Extensión y responsabilidad social CTI,,
NATURATU,"Extracción e identificación cualitativa de los metabolitos secundarios presentes en Zamia furfuracea (Cycadales, Zamiaceae)", Investigación y desarrollo,2017/2,2018/7
NATURATU,"Composición y estructura de las aves del campus de la Universidad de Ibagué, Ibagué ¿ Tolima, Colombia: Fase 1.", Investigación y desarrollo,2017/2,2018/5
NATURATU,"Filogeografia mitocondrial y nuclear de la Tangara rosada Rhodinocichla rosea (Lesson, 1832): el efecto del aislamiento geográfico y el nicho ecológico en los procesos de divergencia evolutiva.", Investigación y desarrollo,2017/1,Actual
NATURATU,"Filogeografia mitocondrial y nuclear de la Tangara rosada Rhodinocichla rosea (Lesson, 1832): el efecto del aislamiento geográfico y el nicho ecológico en los procesos de divergencia evolutiva.", Investigación y desarrollo,2017/1,Actual
NATURATU,Comportamiento depredador de Phoneutria sp. (Aranaea:Ctenidae) bajo condiciones de laboratorio, Investigación y desarrollo,2017/1,2017/11
NATURATU,Host-guest assemblies of cucurbituril with coumarin dyes containing azathia-crown ether functionality for mercury sensing. Pointing to the single- and Thimerosal derived- ethyl mercury determination., Investigación y desarrollo,2017/1,Actual
NATURATU,PLAN DE MANEJO AMBIENTAL RESERVA NATURAL DE LA SOCIEDAD CIVIL LA ESTRELLA RNSC 010 11, Extensión y responsabilidad social CTI,,
NATURATU,Plan de Manejo Ambiental de la Reserva Natural de la Sociedad Civil Conjunto Reservas Naturales de SUMICOL S.A. La Estrella - RNSC01011, Investigación y desarrollo,2016/11,2017/3
NATURATU,EVALUACIÓN PRELIMINAR DE LA CALIDAD ATMOSFÉRICA EN ZONAS VERDES DE LA CIUDAD DE IBAGUÉ A TRAVÉS DEL ESTUDIO DE LÍQUENES CORTÍCOLAS, Investigación y desarrollo,2016/10,2017/10
NATURATU,"Determinación del efecto del pesticida neonicotinoide (imidaclopríd) sobre la tasa metabólica estándar de larvas y pupasde Apis mellifera""", Investigación y desarrollo,2016/10,2018/1
NATURATU,Evaluación de los niveles de presión sonora y su efecto sobre y la audición en estudiantes de seis instituciones educativas de la ciudad de Ibagué, Investigación y desarrollo,2016/10,2017/10
NATURATU,La historia ambiental de la producción agroalimentaria en la cuenca del río Anaime, Investigación y desarrollo,2016/8,2018/9
NATURATU, PLAN DE MANEJO AMBIENTAL RESERVA NATURAL DE LA SOCIEDAD CIVIL LA ESTRELLA RNSC 010 11, Investigación y desarrollo,2016/8,2018/8
NATURATU,Dirección de Instituciones de Educación Superior, Investigación y desarrollo,2016/8,2017/11
NATURATU,Evaluación preliminar de la calidad atmosférica en zonas verdes de la ciudad de Ibagué a través del estudio de líquenes cortícolas, Investigación y desarrollo,2016/8,2018/7
NATURATU,Desarrollo de sensores electroquímicos para detectar colorantes sintéticos en alimentos de consumo masivo. Posible uso alternativo a las técnicas convencionales de detección., Investigación y desarrollo,2016/8,2018/12
NATURATU,Evaluación de los niveles de presión sonora y su efecto sobre la presión arterial y la audición en estudiantes de dieciséis instituciones educativas de la ciudad de Ibagué, Investigación y desarrollo,2016/8,2017/10
NATURATU,Existencia de soluciones para un sistema perturbado de ecuaciones diferenciales que modelan la digestión anaerobia para la producción de biogás., Investigación y desarrollo,2016/8,2018/12
NATURATU,Introducción al análisis magnético y estructural de suelos cultivables con café en el departamento del Tolima, Investigación y desarrollo,2016/8,2017/8
NATURATU,EVALUACIÓN DE ÓXIDOS ATMOSFÉRICOS Y SU RELACIÓN CON LA DIVERSIDAD LIQUÉNICA EN EL ÁREA URBANA Y PERIURBANA DE LA CIUDAD DE IBAGUÉ-TOLIMA, Investigación y desarrollo,2016/8,2017/12
NATURATU,Dirección de Instituciones de Educación Superior, Investigación y desarrollo,2016/8,2017/11
NATURATU,Efecto de un pesticida neonicotinoide (IMIDACLOPRID) sobre la tasa metabólica estándar de abejas obreras adultas de Apis mellifera., Investigación y desarrollo,2016/7,2017/11
NATURATU,EVALUACIÓN DE ÓXIDOS ATMOSFÉRICOS Y SU RELACIÓN CON LA DIVERSIDAD LIQUÉNICA EN EL ÁREA URBANA Y PERIURBANA DE LA CIUDAD DE IBAGUÉ-TOLIMA, Investigación y desarrollo,2016/7,2017/8
NATURATU,Efecto de la dosis subletal del pesticida neonicotinoide (Imidacloprid) sobre el desempeño fisiológico de reinas de Apis mellifera., Investigación y desarrollo,2016/7,2017/12
NATURATU,"Plan de Manejo Ambiental de la Reserva Natural de la Sociedad Civil, Conjunto reservas Naturales de SUMICOL S.A La estrella RNSC01011", Investigación y desarrollo,2016/7,2017/5
NATURATU,Desarrollo de sensores electroquímicos para detectar colorantes sintéticos en alimentos de consumo masivo. Posible uso alternativo a las técnicas convencionales de detección., Investigación y desarrollo,2016/7,2018/11
NATURATU,Desarrollo de sensores electroquímicos para detectar colorantes sintéticos en alimentos de consumo masivo. Posible uso alternativo a las técnicas convencionales de detección., Investigación y desarrollo,2016/7,2018/7
NATURATU,Efecto del pesticida neonicotinoide (IMIDACLOPRID) sobre la tasa metabólica estándar de larvas  y pupas de Apis mellifera, Investigación y desarrollo,2016/6,2017/8
NATURATU,Construcción de un algoritmo computacional simbólico en series de potencias a partir de ecuaciones diferenciales ordinarias, Investigación y desarrollo,2016/2,2017/12
NATURATU,"EXTRACCIÓN, SEPARACIÓN E IDENTIFICACIÓN CUALITATIVA DE LOS METABOLITOS SECUNDARIOS PRESENTES EN LÍQUENES DEL GÉNERO Usnea spp.", Investigación y desarrollo,2016/2,2017/2
NATURATU,"Diagnóstico, manejo y mitigación de los impactos ambientales y sosciales en el remanente de bosque subandino ""El Espejo"" de la Universidad de Ibagué", Investigación y desarrollo,2016/2,2017/10
NATURATU,"Determinación del efeccto de pesticidas neonicotinoides y temperaturas termicas extremas, sobre el crecimiento y desempeño de larvas de Apis mellifera", Investigación y desarrollo,2016/2,2016/12
NATURATU,Caracterización de la bioacumulación de pesticidas en cultivos de cítricos (limón) mediante cromatografía de gases, Investigación y desarrollo,2016/2,Actual
NATURATU,Estructura y diversidad florística de un remanente de bosque Subandino de la microcuenca de la quebrada Ambalá en la ciudad de Ibagué, Investigación y desarrollo,2016/2,Actual
NATURATU,Quantification des processus d'exhumation orogéniques et relation entre tectonique et climat: apport de thermochronologie de basses températures et la modélisation numérique, Investigación y desarrollo,2016/2,2018/12
NATURATU,"Cambios en algunas propiedades biológicas del suelo a diferentes profundidades en sistemas cafeteros en Líbano, Tolima.", Investigación y desarrollo,2016/1,2017/1
NATURATU,"Diagnóstico, manejo y mitigación de los impactos ambientales y sociales en el remanente de bosque subandino ¿El Espejo¿ en la Universidad de Ibagué", Investigación y desarrollo,2016/1,2016/11
NATURATU,"Desarrollo de electrodos modificados con óxidos de  metales de transición.  Posible aplicación como sensores amperométricos de rápida detección de dopamina (DP) ácido ascórbico, (AA)  y ácido úrico (AU)."," Investigación, desarrollo e innovación",2016/1,2018/1
NATURATU,"Relación de algunas propiedades biológicas y químicas con la productividad en sistemas cafeteros de Líbano, Tolima", Investigación y desarrollo,2016/1,2017/1
NATURATU,Evaluación de la descomposición de la hojarasca y ciclaje de nutrientes en tres fragmentos de bosque seco tropical del departamento del Tolima., Investigación y desarrollo,2016/1,2017/1
NATURATU,Supramolecular Catalysis on Aminolysis/Hydrolysis of carbonates derivatives, Investigación y desarrollo,2016/1,Actual
NATURATU,"Desarrollo de electrodos modificados con óxidos de metales de transición. Posible aplicación como sensores amperométricos de rápida detección de dopamina (DP) ácido ascórbico, (AA) y ácido úrico"," Investigación, desarrollo e innovación",2016/1,2018/4
NATURATU,Estimación de tasas de exhumación de montañas y reactivación de fallas mediante modelado numérico termocinemático 3D de alto rendimiento, Investigación y desarrollo,2015/12,2018/3
NATURATU,Evaluación de los niveles de presión sonora en la Universidad de Ibagué y su área de influencia, Investigación y desarrollo,2015/8,2016/10
NATURATU,EFECTOS DEL RUIDO ANTROPOGÉNICO SOBRE LAS CARACTERÍSTICAS VOCALES EN AVES URBANAS DE LA CIUDAD DE IBAGUÉ: DIAGNÓSTICO DEL RUIDO Y BIOINDICACIÓN., Investigación y desarrollo,2015/8,2017/6
NATURATU,Desarrollo de sensores electroquímico soportados sobre eléctrodos modificados aplicados al monitoreo de metales pesados en fuentes naturales de aguas., Investigación y desarrollo,2015/8,2016/8
NATURATU,Estructura y diversidad florística de un remanente de bosque subandino de la microcuenca de la quebrada Ambalá en la ciudad de Ibagué, Investigación y desarrollo,2015/7,2017/9
NATURATU,Aproximando soluciones de ecuaciones diferenciales mediante reemplazos recursivos, Investigación y desarrollo,2015/7,2016/8
NATURATU,Desarrollo de sensores electroquímico soportados sobre eléctrodos modificados aplicados al monitoreo de metales pesados en fuentes naturales de aguas," Investigación, desarrollo e innovación",2015/7,2016/11
NATURATU,Aproximando soluciones de ecuaciones diferenciales mediante reemplazos recursivos, Investigación y desarrollo,2015/7,2016/8
NATURATU,Teoría de Galois en un modelo de digestión anaerobia para la producción de biogás, Investigación y desarrollo,2015/7,2016/8
NATURATU,DETERMINACIÓN DE LA MATERIA ORGANICA DE SUELOS MEDIANTE TÉCNICAS ESPECTROSCÓPICAS, Investigación y desarrollo,2015/7,2018/5
NATURATU,Diversidad y distribución de líquenes cortícolas en el área urbana y periurbana de la ciudad de Ibagué-Tolima, Investigación y desarrollo,2015/7,2017/1
NATURATU,DIVERSIDAD Y DISTRIBUCIÓN DE LÍQUENES CORTÍCOLAS EN EL ÁREA URBANA Y PERIURBANA DE LA CIUDAD DE IBAGUÉ-TOLIMA, Investigación y desarrollo,2015/7,2016/6
NATURATU,Determinación de ión mercúrico mediante espectrofotometría UV-Vis y fluorescencia, Investigación y desarrollo,2015/6,2016/6
NATURATU,Síntesis de sondas fluorescentes derivadas de cumarinas y su aplicación como marcadores mitocondriales.," Investigación, desarrollo e innovación",2015/5,2017/6
NATURATU,"Caracterización de grupos troficos de nematodos de vida libre como Bioindicadores de la calidad y salud del suelo cafeteros en el municipio de Líbano, Tolima", Investigación y desarrollo,2015/2,2016/8
NATURATU,"Evaluación de algunas propiedades biológicas en sistemas productivos de café en Líbano, Tolima", Investigación y desarrollo,2015/1,2017/8
NATURATU,Desarrollo y Optimización de nuevos dosímetros químicos fluorescentes útiles para el reconocimiento de derivados de SO2 y su aplicación en muestras reales., Investigación y desarrollo,2015/1,2017/Sin mes
NATURATU,"Estudio de las propiedades electrónicas de la superficie (111) del V, Cr, Mn y Mo.", Investigación y desarrollo,2015/1,2016/1
NATURATU,Global pollinator declines: Assessing the physiological susceptibility of honey bees to pesticides and global warming, Investigación y desarrollo,2015/1,2017/2
NATURATU,Estudio y análisis de patrones colorimetricos en Catlteya trianae tipo y todas las variedades concolor, Investigación y desarrollo,2015/1,2016/12
NATURATU,Alcaloides del género Erythrina, Investigación y desarrollo,2015/1,2015/2
NATURATU,Modelo de Box Jenkins en la dinámica de producción con agricultura orgánica en el departamento del Tolima, Investigación y desarrollo,2014/8,Actual
NATURATU,Effect of alkaline treatments of Guadua fibres on flexural strength of cement composite boards, Investigación y desarrollo,2014/8,2020/4
NATURATU,Diseño y síntesis de quimiosensores específicos para Hg2+ y su aplicación ambiental," Investigación, desarrollo e innovación",2014/7,2016/7
NATURATU,Aislamiento de alcaloides de Erythrinarubrinervia y afinidad por receptores nicotínicos de acetilcolina, Investigación y desarrollo,2014/7,2015/7
NATURATU,"Diseño de una unidad didáctica para la enseñanza y el aprendizaje del tema Movimiento Oscilatorio desde la articulación de los conceptos físicos, el modelamiento matemático y sus aplicaciones", Investigación y desarrollo,2014/6,2016/1
NATURATU,Diseño y síntesis de quimiosensores específicos para Hg2+ y su aplicación ambiental, Investigación y desarrollo,2014/6,2016/10
NATURATU,"Diseño de una unidad didáctica para la enseñanza y el aprendizaje del tema Movimiento Oscilatorio desde la articulación de los conceptos físicos, el modelamiento matemático y sus aplicaciones", Extensión y responsabilidad social CTI,,
NATURATU,"Estudio ecológico y genético de la (s) población (es) de nutria neotropical (Lontra longicaudis), aguas arriba y aguas abajo de la Central hidroeléctrica la Miel I", Investigación y desarrollo,2014/5,2017/12
NATURATU,"Aplicación de un método agroecológico para la evaluación de sostenibilidad de sistemas productivos de café en el municipio del Líbano, Tolima.", Investigación y desarrollo,2014/2,2015/11
NATURATU,Estudio y modelamiento de los tiempos de captura en pozos cuánticos basados en nitruro de Galio, Investigación y desarrollo,2013/2,2015/8
NATURATU,Dirección de instituciones de educación superior, Extensión y responsabilidad social CTI,,
NATURATU,Semillero Manejo Agroecológico como Estrategia de Conservación, Investigación y desarrollo,2013/1,2018/7
NATURATU,SÍNTESIS DE COMPUESTOS BIFUNCIONALES COMO POSIBLES AGENTES NEUROPROTECTORES, Investigación y desarrollo,2013/1,2016/10
NATURATU,Fichas de especies para actualización de Libro Rojo de Aves de Colombia, Investigación y desarrollo,2013/1,2017/Sin mes
NATURATU,"Relación clima-tectónica y procesos superficiales en el norte de Suramérica, mediante geomorfología, termocronología cuantitativa y geomática", Investigación y desarrollo,2013/1,2015/12
NATURATU,Desarrollo de kits moleculares para la determinación de hierro," Investigación, desarrollo e innovación",2012/9,2013/9
NATURATU,"Dispersal, genetic differentiation and kinship of an ancient marsupial (Dromiciops gliroides) in a highly fragmented landscape", Investigación y desarrollo,2012/9,2014/9
NATURATU,"Efecto de la fragmentación del bosque templado Valdiviano, sobre la diversidad genética de micromamíferos: El monito de monte como modelo de estudio", Investigación y desarrollo,2012/7,2014/7
NATURATU,USO DE TÉCNICAS ÓPTICAS PARA DETERMINAR EL NIVEL DE  MATERIA ORGANICA EN LA PLANTA DE TRATAMIENTO DE AGUA RESIDUAL  DE LA UNIVERSIDAD DE IBAGUÉ, Investigación y desarrollo,2012/7,2014/12
NATURATU,"Determinación de la relación entre relieve, clima, tectónica y biodiversidad en orógenos circundantes a la cuenca del río Orinoco mediante métodos multiherramientas", Investigación y desarrollo,2012/5,2016/2
NATURATU,"Modelización, Simulación, Control Y Optimización de la Producción de metano e hidrogeno por vía digestión anaerobia de residuos orgánicos, urbanos y agrícolas", Investigación y desarrollo,2012/3,2013/12
NATURATU,Formulación del plan de manejo de residuos sólidos reciclables en la Universidad de Ibague, Investigación + Creación,2012/3,2018/7
NATURATU,Geociencia Integral de los Andes de Mérida (GIAME), Investigación y desarrollo,2012/1,2016/1
NATURATU,"REVELANDO PROCESSOS EVOLUTIVOS DO COMPLEXO MIMUS GILVUS NO BRASIL: UMA INTERAÇÃO ENTRE A ADAPTAÇÃO MORFOLÓGICA, A DIVERSIDADE GENÉTICA, O CANTO E A DISTRIBUIÇÃO GEOGRÁFICA - REVELANDO PROCESOS EVOLUTIVOS DEL COMPEJO MIMUS GILVUS EN EL BRASIL", Investigación y desarrollo,2011/9,2015/7
NATURATU,Desarrollo de competencias genéricas para el acceso y permanencia en la educación superior dirigido a estudiantes de educación media del colegio Hermann Gmeiner de la ciudad de Ibagué, Investigación y desarrollo,2011/8,2013/12
NATURATU,Estudio y modelamiento de los tiempos de captura en pozos cuánticos basados  en nitruro de Galio, Investigación y desarrollo,2011/8,2013/8
NATURATU,Caracterización química composicional del residuo (tamo) de diferentes variedades de arroz en el municipio de Ibagué, Investigación y desarrollo,2011/8,2012/7
NATURATU,CARACTERIZACIÓN QUÍMICA COMPOSICIONAL EN EL RESIDUO (TAMO) DE DIFERENTES VARIEDADES  DE ARROZ EN EL  MUNICIPIO DE IBAGUÈ, Investigación y desarrollo,2011/8,2012/9
NATURATU,Utilización de fibras orgánicas (fique y Guadua) en compuestos de matriz polimérica para aplicaciones de impacto, Investigación y desarrollo,2011/7,2013/7
NATURATU,Caracterización de la avifauna en un paisaje fragmentado de bosque seco tropical en el norte del Tolima (Colombia). Programa Monitoreo de Aves (PMA) Fase I: 2011-2015, Investigación y desarrollo,2011/1,2015/12
NATURATU,Efecto de tratamientos térmicos sobre la estabilidad del salvado de arroz, Investigación y desarrollo,2010/8,2011/9
NATURATU,ANÁLISIS DE LA ABSORCION DE LA MATERIA ORGANICA DE LA PLANTA DE LA UNIVERSIDAD DE IBAGUE, Investigación y desarrollo,2010/7,2011/7
NATURATU,METODOS NUMERICOS PARA EL ANALISIS DE LA VOLATILIDAD DEL PRECIO DE LA ENERGIA ELCTRICA  EN COLOMBIA., Extensión y responsabilidad social CTI,,
NATURATU,"control y regulación del sopor en el único mamífero hibernante sudamericano, el marsupial ancestral ¿monito del monte¿ Dromiciops gliroides (Marsupialia: Microbiotheria)", Investigación y desarrollo,2009/10,2013/9
NATURATU,Modelamiento de sistemas dinámicos aplicados a la producción de biogás., Investigación y desarrollo,2009/8,2010/12
NATURATU,Calculo del rendimiento cuántico de la luminiscencia  de iones de tierras raras en presencia de nanopartículas de plata., Investigación y desarrollo,2009/6,2011/7
NATURATU,Zonificación y caracterización económica y ambiental de sistemas de producción con agricultura orgánica en el departamento del Tolima, Extensión y responsabilidad social CTI,,
NATURATU,La Montaña Rusa en el aprendizaje del concepto de limite, Investigación y desarrollo,2008/8,2009/5
NATURATU,: UTILIZACIÓN DE VIDRIOS DE FESDESPATO DE LA MINA DE IBAGUE EN RECUBRIMIENTOS INDUSTRIALES, Investigación y desarrollo,2008/6,2010/2
NATURATU,"Diseño, documentación e implementación del Sistema de Gestión de la Calidad para el aseguramiento de la calidad analítica en el Laboratorio de Química de la Universidad de Ibagué basado en la norma ISO/IEC 17025.", Investigación y desarrollo,2008/6,2009/6
NATURATU,Determinación del indice de producción de Biogas a partir del rumen de vaca por digestión anaerobia, Investigación y desarrollo,2008/5,2009/1
NATURATU,Evaluación de alternativas de aprovechamiento del biogás producido en los reactores UASB de la planta de aguas residuales el Tejar, Investigación y desarrollo,2008/1,2008/7
NATURATU,Determinación de constantes cineticas en el proceso biologico de la Planta piloto, Investigación y desarrollo,2007/11,2009/1
NATURATU,Determinación de OUR por el método respirometrico en el proceso de lodos activados, Investigación y desarrollo,2007/10,2009/1
NATURATU,"Sistema de Información Geográfico de los Ríos Prado, Coello y Amoya  en el Departamento del Tolima.", Investigación y desarrollo,2007/1,2009/Sin mes
NATURATU,El aprendizaje basado en problemas ABP aplicado a las ecuaciones diferenciales, Investigación y desarrollo,2006/1,2007/Sin mes
NATURATU,EVALUACIÓN Y PRONÓSTICO DE AGRICULTURA ECOLOGICA, Investigación y desarrollo,2005/1,Actual
NATURATU,Control Predictivo e Inteligente Aplicado al Tratamiento de las Aguas Residuales, Investigación y desarrollo,2005/1,2008/1
NATURATU,"Determinación de las variables que intervienen en la reducción del pH de las aguas residuales industriales, utilizando gases de combustión", Investigación y desarrollo,2005/1,2008/11
NATURATU,"Sistema De Información Geográfico De Los Ríos Prado, Coello Y Amoya En El Departamento Del Tolima.", Investigación y desarrollo,2005/1,Actual
NATURATU,Diseño e Ingeneria de Detalle para la construcción  de Planta Piloto para un sistema integrado de tratamiento y reuso de aguas residuales domesticas," Investigación, desarrollo e innovación",2005/1,2005/6
NATURATU,Procesamiento y caracterización de los nitruros de cromo depositados sobre un acero 316L en la atmósfera gaseosa a baja temperatura como alternativa de material en implantes médicos., Investigación y desarrollo,2005/1,Actual
NATURATU,Desarrollo de un sistema automatizado y de control remoto vía internet para un reactor monoevaporador de arco pulsado, Extensión y responsabilidad social CTI,,
NATURATU,Estructura electrónica de las superficies de metales de transición con estructura cristalográfica BCC y FCC, Investigación y desarrollo,2000/1,2018/10
Grupo de Investigación en Química Bioorgánica y Sistemas Moleculares -QBOSMO-,Comparación interpoblacional e intersexual de las funciones biomecánicas y propiedades toxicológicas de Phoneutria boliviensis (Aranae: Ctenidae) como respuesta a dieta variable y condición de estrés, Investigación y desarrollo,2020/8,Actual
Grupo de Investigación en Química Bioorgánica y Sistemas Moleculares -QBOSMO-,Amaryllidaceae del Tolima: fuente inexplorada de alcaloides para el tratamiento de la enfermedad de Alzheimer, Investigación y desarrollo,2020/7,Actual
Grupo de Investigación en Química Bioorgánica y Sistemas Moleculares -QBOSMO-,Bioproductos para el mejoramiento de inocuidad del cacao (Theobroma cacao) en Colombia, Investigación y desarrollo,2019/1,Actual
Grupo de Investigación en Química Bioorgánica y Sistemas Moleculares -QBOSMO-,Rastreo biodirigido de moléculas anticancerígenas inspiradas en productos naturales: Un enfoque integrado y aplicado a las especies de Amaryllidaceae, Investigación y desarrollo,2018/10,Actual
D+TEC - Desarrollo Tecnológico,Estudio del comportamiento de falla de los sistemas recubiertos compuestos por sustrato de material altamente dúctil y película delgada resistente al desgaste, Extensión y responsabilidad social CTI,,
D+TEC - Desarrollo Tecnológico,Estudio y Caracterización de Variables Mecánicas en los Procesos de Descascarado y Pulido de Arroz de la Región, Extensión y responsabilidad social CTI,,
D+TEC - Desarrollo Tecnológico,Diseño de nucleos de motores de induccion, Extensión y responsabilidad social CTI,,
D+TEC - Desarrollo Tecnológico,Explotación de Ecos Múltiples en la Clasificación de Nubes de Puntos 3D Generadas a partir de Sensores LiDAR en Aplicaciones de Agricultura de Precisión., Investigación y desarrollo,2019/1,Actual
D+TEC - Desarrollo Tecnológico,Caracterización físico mecánica de biomasa de aserrín y cascarilla de arroz en la fabricación de briquetas para ser utilizadas como combustible sólido, Investigación y desarrollo,2019/1,Actual
D+TEC - Desarrollo Tecnológico,"'Manejo por sitio específico del agua de riego, el nitrógeno y las malezas en el sistema de producción arroz, maíz - algodón en el departamento del Tollma", Investigación y desarrollo,2018/11,2019/11
D+TEC - Desarrollo Tecnológico,Análisis computacional del efecto de la microestructura del sustrato en el comportamiento mecánico de sistemas recubiertos sometidos a ensayo de rayado, Investigación y desarrollo,2018/1,Actual
D+TEC - Desarrollo Tecnológico,Diseño de dispositivos multipropósito para ensayos de mecánica aplicada, Investigación y desarrollo,2017/8,Actual
D+TEC - Desarrollo Tecnológico,Desarrollo de un sistema emulador de paneles fotovoltaicos para uso libre en la investigación y aplicación de la generación de energía solar fotovoltaica, Investigación y desarrollo,2017/6,2018/5
D+TEC - Desarrollo Tecnológico,Análisis de etapas de conversión bidireccional en sistemas autónomos de generación de energía renovable operando en corriente continua, Investigación y desarrollo,2017/6,2018/12
D+TEC - Desarrollo Tecnológico,Prototipo de máquina CNC de bajo costo para la fabricación de Placas de Circuitos Impresos, Investigación y desarrollo,2017/2,2018/6
D+TEC - Desarrollo Tecnológico,"Estudio de la resistencia al desgaste adhesivo y abrasivo de aceros de bajo y medio contenido de carbono tratados térmicamente con biomasa, aceites y refrigerantes no tradicionales.", Investigación y desarrollo,2017/1,2019/3
D+TEC - Desarrollo Tecnológico,Sistema mecatrónico basado en robótica por cables  para la automatización de cultivos en agricultura a pequeña escala, Investigación y desarrollo,2017/1,Actual
D+TEC - Desarrollo Tecnológico,Pinza robótica controlada con EMG, Investigación y desarrollo,2017/1,2019/5
D+TEC - Desarrollo Tecnológico,Desarrollo de técnicas de procesamiento de imágenes en vivo para revelar los progenitores y la dinámica celular de la regeneración de los miembros., Investigación y desarrollo,2017/1,Actual
D+TEC - Desarrollo Tecnológico,	Desarrollo de equipos para la enseñanza de ciencias aplicadas 2, Investigación y desarrollo,2016/10,Actual
D+TEC - Desarrollo Tecnológico,Diseño e implementación de un sistema de control por computador para prototipos demostrativos de convertidores DC-AC, Investigación y desarrollo,2016/9,2017/12
D+TEC - Desarrollo Tecnológico,Circuito de extensión de tiempo para el respaldo de energía en cargas criticas de sistemas de navegación terrestre autónoma., Investigación y desarrollo,2016/9,2017/12
D+TEC - Desarrollo Tecnológico,Desarrollo de un sistema de medición de los efectos dinámicos en modelos de estructuras perturbados en una mesa vibratoria, Investigación y desarrollo,2016/8,2018/1
D+TEC - Desarrollo Tecnológico,Planta piloto de microred híbrida inteligente para aplicaciones de automatización agrícola y autonomía eléctrica en viviendas rurales sostenibles MIREDHI_LAB, Investigación y desarrollo,2016/5,2020/1
D+TEC - Desarrollo Tecnológico,"	Detección de estrés nutricional e hídrico en cultivos de arroz con base en imágenes aéreas de cámaras digitales de alta resolución, multiespectrales y termográficas.", Investigación y desarrollo,2016/3,2019/12
D+TEC - Desarrollo Tecnológico,"Sistema computacional de monitoreo, visualización, análisis y registro de las variables eléctricas de un generador fotovoltaico de dos etapas conectado a la red eléctrica.", Investigación y desarrollo,2016/2,Actual
D+TEC - Desarrollo Tecnológico,"Prototipo Mecatrónico Educativo para Potencializar las Disciplinas Académicas de Ciencia, Tecnología, Ingeniería y Matemáticas (STEM) en el Departamento del Tolima", Investigación y desarrollo,2016/2,Actual
D+TEC - Desarrollo Tecnológico,Optimización de la calidad de energía y diversificación de las aplicaciones de los microinversores fotovoltaicos, Investigación y desarrollo,2016/2,Actual
D+TEC - Desarrollo Tecnológico,DISEÑO E IMPLEMENTACIÓN DE UN ROBOT SEGUIDOR DE LÍNEA PARA LA CATEGORÍA VELOCISTA., Investigación y desarrollo,2016/2,2017/2
D+TEC - Desarrollo Tecnológico,Métodos para el análisis de células epidermales abaxiales en Arabidopsis Thaliana mediante técnicas de procesamiento de imágenes, Investigación y desarrollo,2016/1,Actual
D+TEC - Desarrollo Tecnológico,DISEÑO DE UN SISTEMA DE ADQUISICION DE SEÑALES ENCEFALOGRAFICAS  A PARTIR DE UN AFE," Investigación, desarrollo e innovación",2016/1,2019/7
D+TEC - Desarrollo Tecnológico,DESARROLLO DE UN SISTEMA DE MEDICIÓN MULTIPUNTO EN LINEA PARA EL ESTUDIO DE LOS EFECTOS CLIMÁTICOS SOBRE LOS CULTIVOS DE ARROZ EN LA MESETA DE IBAGUÉ., Investigación y desarrollo,2016/1,2017/7
D+TEC - Desarrollo Tecnológico,Análisis del comportamiento a fatiga de uniones soldadas a tope en acero estructural obtenidas mediante SMAW, Investigación y desarrollo,2016/1,Actual
D+TEC - Desarrollo Tecnológico,Latin American University Research and Doctoral Support (LAURDS), Investigación y desarrollo,2015/10,2018/12
D+TEC - Desarrollo Tecnológico,Control en modo deslizante de la etapa DC-AC de un generador fotovoltaico de dos etapas conectado a la red eléctrica, Investigación y desarrollo,2015/1,2016/6
D+TEC - Desarrollo Tecnológico,Estudio y análisis de patrones colorimétricos en cattleya trinaei tipo y variedades concolor del departamento del Tolima mediante técnicas de procesamiento de imágenes y reconocimiento de patrones, Investigación y desarrollo,2014/11,Actual
D+TEC - Desarrollo Tecnológico,Análisis de Técnicas de Binarización basadas en Histograma, Investigación y desarrollo,2014/11,2018/4
D+TEC - Desarrollo Tecnológico,Implementación de un prototipo piloto de energía solar fotovoltaica para la  Universidad de Ibagué," Investigación, desarrollo e innovación",2014/8,2017/1
D+TEC - Desarrollo Tecnológico,Desarrollo de un sistema de navegación autónomo de un vehículo terrestre con dirección diferencial para siembra de plántulas de arroz que optimice el uso del terreno., Investigación y desarrollo,2014/7,2015/12
D+TEC - Desarrollo Tecnológico,Desarrollo de testigos no estandarizados y parámetros de análisis para la determinación de espesores y detección de defectos internos en soldadura (SMAW) utilizando la técnica de ultrasonido Pulso Eco - Scan A, Investigación y desarrollo,2014/7,Actual
D+TEC - Desarrollo Tecnológico,Desarrollo de un sistema de detección de plantas atípicas y malezas en un cultivo de producción de semillas híbridas de arroz basados en imágenes aéreas., Investigación y desarrollo,2014/1,2016/1
D+TEC - Desarrollo Tecnológico,"EMULACION DE LOS MOVIMIENTOS DEL BRAZO, EMPLEANDO FPGA", Investigación y desarrollo,2013/11,2016/7
D+TEC - Desarrollo Tecnológico,Diseño en 3D de una Celda de Combustible Microbiana," Investigación, desarrollo e innovación",2013/11,2014/6
D+TEC - Desarrollo Tecnológico,Estudio de convertidores DC-DC sin transformador para aplicación en generadores fotovoltaicos de dos etapas orientados al módulo, Investigación y desarrollo,2013/2,2014/7
D+TEC - Desarrollo Tecnológico,"Análisis numérico del comportamiento a carga cíclica de soldaduras aplicadas en acero estructural, evaluadas por la técnica de simulación por elementos finitos", Investigación y desarrollo,2012/6,2016/10
D+TEC - Desarrollo Tecnológico,Utilización de fibras orgánicas (fique y guadua)  en compuestos de matriz polimérica para aplicaciones de impacto.," Investigación, desarrollo e innovación",2011/6,Actual
D+TEC - Desarrollo Tecnológico,"Evaluación del comportamiento al desgaste por deslizamiento, de aceros para construcción mecánica, a través de simulación por elementos finitos", Investigación y desarrollo,2011/3,2013/12
D+TEC - Desarrollo Tecnológico,Estandarización de procesos de   recuperación por soldadura SMAW y 5 GMAW de piezas desgastadas en la  Molienda del arroz por método PQR   (Process Quality Records)," Investigación, desarrollo e innovación",2011/2,Actual
D+TEC - Desarrollo Tecnológico,Comparación de técnicas de control digital y conmutación en inversores monofásicos, Investigación y desarrollo,2011/1,2012/9
D+TEC - Desarrollo Tecnológico,Integración de sistemas electrónicos de supervisión de variables industriales, Investigación y desarrollo,2011/1,2012/1
D+TEC - Desarrollo Tecnológico,Robots Móviles para competencias Nacionales e Internacionales, Investigación y desarrollo,2010/8,Actual
D+TEC - Desarrollo Tecnológico,CONTROL AUTOMATICO DE PRODUCCION PARA ACUICULTURA INTENSIVA, Investigación y desarrollo,2010/7,Actual
D+TEC - Desarrollo Tecnológico,SISTEMA ELECTRÓNICO PARA MEDICIÓN DE NIVELES EN CORRIENTES HÍDRICAS SUPERFICIALES POR ULTRASONIDO, Investigación y desarrollo,2010/1,2011/5
D+TEC - Desarrollo Tecnológico,Prototipo electrónico para medir el espesor de una lámina de látex., Investigación y desarrollo,2010/1,2010/12
D+TEC - Desarrollo Tecnológico,Estimacion de parametros de Calidad del Aire, Investigación y desarrollo,2010/1,2012/1
D+TEC - Desarrollo Tecnológico,SISTEMA ELECTRÓNICO PARA MEDICIÓN DE NIVELES EN CORRIENTES HÍDRICAS SUPERFICIALES POR ULTRASONIDO, Investigación y desarrollo,2009/11,Actual
D+TEC - Desarrollo Tecnológico,CONSTRUCCIÓN Y VALIDACIÓN DE UN MODELO ELECTRÓNICO DE LA PRUEBA DE COORDINACIÓN VISOMOTORA," Investigación, desarrollo e innovación",2009/7,2010/12
D+TEC - Desarrollo Tecnológico,Propuesta de mejoramiento a partir del análisis mecánico en el procesamiento de Carbonato de calcio de la empresa Mármoles del Tolima Ltda, Investigación y desarrollo,2009/7,2014/6
D+TEC - Desarrollo Tecnológico,Implementación de un proceso de laminación (prototipo) y control para el caucho en los municipios de Cunday y Villarica del departamento del Tolima," Investigación, desarrollo e innovación",2009/6,2010/7
D+TEC - Desarrollo Tecnológico,Entrenador virtual en técnicas modernas de control de conversores de potencia de uso industrial, Investigación y desarrollo,2009/6,2010/10
D+TEC - Desarrollo Tecnológico,Nuevo mecanismo para la obtención de guanábana sin semilla. Primera Fase: Análisis funcional, Investigación y desarrollo,2009/2,2010/7
D+TEC - Desarrollo Tecnológico,Robot seguidor de línea," Investigación, desarrollo e innovación",2008/8,Actual
D+TEC - Desarrollo Tecnológico,Utilización de vidrios de feldespatp de la mina de ibagué en Recubrimientos Industriales, Investigación y desarrollo,2008/8,Actual
D+TEC - Desarrollo Tecnológico,Generador óptico de datos," Investigación, desarrollo e innovación",2008/7,2009/1
D+TEC - Desarrollo Tecnológico,Filtro activo paralelo para compensación de factor de potencia y distorsión armónica en aplicaciones industriales, Investigación y desarrollo,2008/6,2010/2
D+TEC - Desarrollo Tecnológico,: UTILIZACIÓN DE VIDRIOS DE FESDESPATO DE LA MINA DE IBAGUE EN RECUBRIMIENTOS INDUSTRIALES, Investigación y desarrollo,2008/6,2010/2
D+TEC - Desarrollo Tecnológico,Estudio y Caracterización de Variables Mecánicas en los Procesos de Descascarado y Pulido de Arroz de la Región, Investigación y desarrollo,2007/2,2009/2
D+TEC - Desarrollo Tecnológico,MEDICION DEL PULSO Y DE LA SATURACION DE OXIGENO POR MEDIO DE UN PULSO-OXIMETRO OPTICO," Investigación, desarrollo e innovación",2007/1,2009/Sin mes
D+TEC - Desarrollo Tecnológico,Métodos Analíticos para el diseño de elementos mecánicos de transmisión, Investigación y desarrollo,2006/1,Actual
D+TEC - Desarrollo Tecnológico,Modelacion y Control Sistema de Secado de Arroz, Investigación y desarrollo,2005/10,2007/12
D+TEC - Desarrollo Tecnológico,Didáctica de la Electrónica," Investigación, desarrollo e innovación",2005/6,Actual
D+TEC - Desarrollo Tecnológico,Neurorealimentacion- FASE 1, Investigación y desarrollo,2005/1,2007/3
D+TEC - Desarrollo Tecnológico,Desarrollo de Sistema Automatico de Deteccion de Fallo en Textiles, Investigación y desarrollo,2005/1,2006/6
D+TEC - Desarrollo Tecnológico,"Construcción, Modelación y Control de una Cámara de Atmósfera Controlada para la   Preservación en Poscosecha de Frutas y Hortalizas.", Investigación y desarrollo,2005/1,Actual
D+TEC - Desarrollo Tecnológico,Determinación Analítica para el Cálculo de Elementos de Máquinas, Extensión y responsabilidad social CTI,,
D+TEC - Desarrollo Tecnológico,Neurorealimentacion, Investigación y desarrollo,2005/1,2006/Sin mes
D+TEC - Desarrollo Tecnológico,"Procesamiento y caracterización de los nitruros de cromo depositados sobre un acero 316L en atmósfera gaseosa a baja temperatura, como alternativas de material en implantes médicos", Investigación y desarrollo,2005/1,Actual
D+TEC - Desarrollo Tecnológico,ALFA Labioproc : II-0407-FA, Investigación y desarrollo,2005/1,2007/1
D+TEC - Desarrollo Tecnológico,ALFA Labioproc: II-0407-FA, Extensión y responsabilidad social CTI,,
D+TEC - Desarrollo Tecnológico,Diseño Control Fuzzy para una Camara de Atmosfera Controlada, Extensión y responsabilidad social CTI,,
D+TEC - Desarrollo Tecnológico,Procesamiento Digital de Señales en la Isquemia Cardiaca, Investigación y desarrollo,2004/1,2006/Sin mes
D+TEC - Desarrollo Tecnológico,Comunicacion óptica de datos," Investigación, desarrollo e innovación",2003/1,2005/Sin mes
D+TEC - Desarrollo Tecnológico,"Modelado, simulacion, diseño y construccion de una planta piloto de una secadora rotatoria de cafe pergamino con control de temperatura y humedad", Investigación y desarrollo,2002/1,2004/2
D+TEC - Desarrollo Tecnológico,Procesamiento Digital de Señales en la Isquemia Cardiaca, Investigación y desarrollo,2002/1,2005/Sin mes
D+TEC - Desarrollo Tecnológico,Prototipado y caracterizacion de un sistema de medicion inferencial de humedad en procesos de secado de arroz, Investigación y desarrollo,2002/1,2004/1
D+TEC - Desarrollo Tecnológico,SOFT4S: Soft Sensors for the Chemical ProceSs Industry, Investigación y desarrollo,2000/1,2002/Sin mes
D+TEC - Desarrollo Tecnológico,Conformation of a center of excellence for the northern part of South America in the field of industrial automation," Investigación, desarrollo e innovación",1999/1,Actual
D+TEC - Desarrollo Tecnológico,Proyecto Alfa FAVI: Formacion Academica Avanzada en Ingenieria," Investigación, desarrollo e innovación",1997/1,1998/Sin mes
GINNOVA,Diseño metodológico para la construcción compartida para el Tolima al año 2025, Extensión y responsabilidad social CTI,,
GINNOVA,Participacion en el proyecto Alfa a ser sometido a la Comisión Europea: Creación y apoyo de la Maestría en Gestión Industrial en Latinoamerica, Extensión y responsabilidad social CTI,,
GINNOVA,Management and Performance of Reseacrch Institutes in Colombia., Extensión y responsabilidad social CTI,,
GINNOVA,Autoevaluación para la Recreaditación del Programa de Ingeniería Industrial., Extensión y responsabilidad social CTI,,
GINNOVA,Modelos matematicos para la productividad y competitividad, Extensión y responsabilidad social CTI,,
GINNOVA,The TrendChart on innovation - Thematic Report: Progress towards the objectives set out in the European Commission Communication on innovation in a Knowledge-Driven Economy, Extensión y responsabilidad social CTI,,
GINNOVA,The TrendChart on innovation - Thematic Report: Transnational Learning in Innovation Policy, Extensión y responsabilidad social CTI,,
GINNOVA,Measuring IST industrial impacts & socio-economic results, Extensión y responsabilidad social CTI,,
GINNOVA,Evaluación de subproductos de cosecha y transformación de agrocadenas priorizadas en el Tolima para la obtención de materiales de construcción. Caso Arroz y Café, Investigación y desarrollo,2020/7,Actual
GINNOVA,Comprender y mitigar el impacto del COVID-19 en los pequeños agricultores del Cañón de Combeima (Tolima-Colombia), Extensión y responsabilidad social CTI,,
GINNOVA,Influencia de las condiciones de manejo y operación del grano de cacao artesanal en los atributos de calidad del licor de cacao, Investigación y desarrollo,2020/7,Actual
GINNOVA,Implementación y formación en el uso de deshidratadores solares para empoderar a las  mujeres de zonas rurales en el marco del posconflicto, Investigación y desarrollo,2019/10,Actual
GINNOVA,FORTALECIMIENTO DE REDES TERRITORIALES PARA LA INNOVACIÓN EN UNIDADES PRODUCTIVAS AGROPECUARIAS DEL DEPARTAMENTO DEL TOLIMA, Investigación y desarrollo,2019/6,Actual
GINNOVA,Modelamiento de una cadena de recuperación de llantas usadas en el contexto urbano. Caso Ibagué, Investigación y desarrollo,2018/1,Actual
GINNOVA,"Diseño e implementación, a nivel piloto, de un modelo de gestión de cadena de suministro sustentable para la agrocadena del Aguacate Hass en el norte del Tolima, con el fin de apoyar su proceso de internacionalización", Investigación y desarrollo,2018/1,Actual
GINNOVA,Modelamiento de una cadena de recuperación de llantas usadas en el contexto urbano. Caso Ibagué, Investigación y desarrollo,2018/1,Actual
GINNOVA,"Diseño e implementación, a nivel piloto, de un modelo de gestión de cadena de suministro sustentable para la agrocadena del Aguacate Hass en el norte del Tolima, con el fin de apoyar su proceso de internacionalización", Investigación y desarrollo,2018/1,Actual
GINNOVA,PLANNTIC-SISTEMA DE GESTION Y TRAZABILIDAD DE OPERACIONES EN UNIDADES AGRICOLAS, Investigación y desarrollo,2017/11,2018/8
GINNOVA,"Upgrading institutional capacities in innovation policies in Colombia: choice, design and assessment", Investigación y desarrollo,2017/4,Actual
GINNOVA,Estudio de las relaciones colaborativas en una cadena de suministros: un caso de aplicación a la Administración de Proyectos, Investigación y desarrollo,2017/2,2019/8
GINNOVA,Formulación y validación de heurísticas para optimizar el servicio al cliente en configuraciones flexibles en el departamento del Tolima., Investigación y desarrollo,2017/1,Actual
GINNOVA,"Propuesta de software de optimización al proceso de planeación, gestión y control de matrículas en nivel profesional de la universidad de Ibagué.", Investigación y desarrollo,2016/8,2016/12
GINNOVA,"AUTOEVALUACIÓN DE PROGRANAS DE MAESTRIA, CASO  MAESTRIA EN GERENCIA DE LA CALIDAD", Investigación y desarrollo,2016/8,2017/11
GINNOVA,"Dinámicas de los estados nutricionales de la población colombiana a nivel departamental por sexo, edad y grupo socioeconómico.", Investigación y desarrollo,2016/7,Actual
GINNOVA,Reestructuración del área administrativa y logística de la empresa AGROVELCA, Investigación y desarrollo,2015/2,2015/8
GINNOVA,Oportunidades de Emprendimiento Cultural y Creativo en la Cadena Productiva de la Música en el Tolima., Investigación y desarrollo,2014/12,2015/10
GINNOVA,"EVALUACIÓN CIENTÍFICO-TECNOLÓGICA, SOCIO-CULTURAL Y AMBIENTAL DEL PROGRAMA TOLIMA VIVE DIGITAL", Investigación y desarrollo,2014/10,2015/3
GINNOVA,Evaluación del sistema de transporte de gaas comprimido desde la ciudad de Popayán hacía Pasto, Investigación y desarrollo,2014/9,2014/12
GINNOVA,Diseño e implementación de un modelo de planeación y programación de cirugías en una entidad especializada de salud en la cuidad de Ibagué, Investigación y desarrollo,2014/7,2016/1
GINNOVA,Diagnóstico de las condiciones de base y determinación de alternativas tecnológicas para la potencial puesta en marcha de cadenas de suministro colaborativas en zonas turísticas del Tolima¿, Investigación y desarrollo,2014/5,2015/5
GINNOVA,Diseño e implementación de un modelo logístico como base de la integración de valor de la cadena hortofrutícola del Tolima, Investigación y desarrollo,2014/2,2017/6
GINNOVA,Generación de alternativas de base tecnológica para la integración de valor a lo largo de las cadenas de suministro de la industria turística en el Tolima, Investigación y desarrollo,2014/1,2015/1
GINNOVA,Diseño y aplicación de herramientas para medición y mejoramiento de la capacidad de proceso.  Estudio de caso., Investigación y desarrollo,2014/1,2015/6
GINNOVA,Diseño e implementación de un modelo logístico como base la integración de valor de la cadena hortofrutícola en el Tolima, Investigación y desarrollo,2013/11,2017/5
GINNOVA,Diseño e implementación de un modelo logístico como base para la integración de valor de la cadena hortofrutícola del Tolima, Investigación y desarrollo,2013/8,2015/12
GINNOVA,Identificar y analizar las condiciones de operación y mantenimiento de la maquinaria en el proceso productivo de la empresa Avícola Triple A S.A.S. de la ciudad de Ibagué, Investigación y desarrollo,2013/7,2014/7
GINNOVA,Análisis de los factores de improductividad en el proceso industrial de la panela en el Trapiche de la Hacienda El Escobal, Investigación y desarrollo,2013/6,Actual
GINNOVA,Estudio de tiempos y movimientos y programación de las rutas y del personal del área de facturación, Investigación y desarrollo,2013/6,2013/9
GINNOVA,Modelo Integrado de Operación Logistica para los Hoteles en el Departamento del Tolima, Investigación y desarrollo,2013/6,2014/6
GINNOVA,Análisis del impacto socio-económico de la integración de las TIC en el sector turísmo tolimense - Caso proyecto Tolima Turistic, Investigación y desarrollo,2013/3,2014/3
GINNOVA,Diseño de estrategias de mejoramiento logístico para la integración de valor de la cadena hortofrutícola en el municipio de Cajamarca y su zona de influencia (Tolima), Investigación y desarrollo,2013/1,2015/12
GINNOVA,Técnicas de medición y mejoramiento de procesos orientadas a capacidades seis sigma, Investigación y desarrollo,2012/1,2013/6
GINNOVA,Metodología para el Análisis de Resultados e Impactos de los Procesos de Creatividad e Innovación del Centro de Innovación Ltda.," Investigación, desarrollo e innovación",2012/1,2014/5
GINNOVA,"Servicio de software administrativo y contable en la nube (e-sigma), innovación y eficiencia para MiPyme"," Investigación, desarrollo e innovación",2011/11,2012/11
GINNOVA,Logística Hospitalaria aplicada al sector hospitalario en Ibagué. El servicio de urgencias del Instituto del Corazón de Ibagué, Investigación y desarrollo,2011/2,2013/12
GINNOVA,Tolima turistic: una vitrina del Tolima para el mundo, Extensión y responsabilidad social CTI,,
GINNOVA,Diseño de un doctora en Ingeniería y estructuración y desarrollo de criterios de calidad para el registro calificado del doctorado en Ingeniería en el marco de la Red Universitaria Mutis," Investigación, desarrollo e innovación",2010/1,2013/12
GINNOVA,Implementación de un proceso de laminación (prototipo) y control para el caucho en los municipios de Cunday y Villa Rica del departamento del Tolima, Investigación y desarrollo,2009/7,2011/7
GINNOVA,"Generación de condiciones para la competitividad en agronegocios con potencial exportador en el Tolima. Una propuesta de desarrollo tecnológico e innovación en producto y proceso. Caso específico: Mango, Aguacate y Banano", Investigación y desarrollo,2009/2,2011/12
GINNOVA,Estudio del potencial logístico del Tolima, Investigación y desarrollo,2009/1,2010/12
GINNOVA,Análisis del potencial logístico del Tolima, Extensión y responsabilidad social CTI,,
GINNOVA,ANALISIS DE LA CAPACIDAD LOGISTICA DE TRANSPORTE Y ALMACENAMIENTO EN EL DEPARTAMENTO DEL TOLIMA, Investigación y desarrollo,2008/11,2010/6
GINNOVA,"Diseño, desarrollo e implementación del sistema de gestión de calidad, según la norma ISO 17025 para el laboratorio de Quimica, aguas residuales, de la Universidad de Ibagué."," Investigación, desarrollo e innovación",2008/10,2009/11
GINNOVA,Diseño de la Maestría en Gerencia de la Calidad," Investigación, desarrollo e innovación",2008/9,2009/12
GINNOVA,"Optimización de Operaciones de Secuenciación en Sistemas Productivos Tipo Flow Shop y Job Shop, Utilizando Meteheurísticas", Investigación y desarrollo,2008/7,2009/6
GINNOVA,Evaluación del Impacto del Programa Pequeños Científicos en la Ciudad de Ibagué, Investigación y desarrollo,2008/7,2009/6
GINNOVA,Análisis de los factores causales de incumplimiento en los programas de talla-color en Fatextol S.A., Investigación y desarrollo,2008/6,2009/7
GINNOVA,Aplicación de nuevos modelos en el diseño de escenarios y Objetos de Aprendizaje que promuevan el desarrollo de software, Investigación y desarrollo,2008/3,Actual
GINNOVA,"Successful and innovative Supply Network Design, Planning and Operation", Investigación y desarrollo,2008/3,2009/6
GINNOVA,Caracterización de la Oferta y Demanda de C&T en el corredor agroindustrial del Tolima, Extensión y responsabilidad social CTI,,
GINNOVA,PROYECTO REFERENCIACIÓN Y FORTALECIMIENTO DE LA PRODUCTIVIDAD EN SECTORES ESTRATÉGICOS DEL TOLIMA, Extensión y responsabilidad social CTI,,
GINNOVA,"Diseño, estructuración, desarrollo e implementación del plan estratégico para la actividad científico-investigativa 2008-2012 de la Facultad de Ingeniería de la universidad de Ibagué."," Investigación, desarrollo e innovación",2007/7,2007/12
GINNOVA,Diseño de las propuestas de registro calificado para los programas de  especialización y Maestría de la Facultad de  Ingeniería de la Universidad de Ibagué," Investigación, desarrollo e innovación",2007/5,2008/5
GINNOVA,Diseño de las propuestas de acreditación de alta calidad para los programas de pregrado en Ingeniería de la Facultad de Ingeniería de la Universidad de Ibagué.," Investigación, desarrollo e innovación",2007/5,2008/12
GINNOVA,"Diseño, estructuración y desarrollo de criterios de calidad para el registro calificado de la especialización en Gestión y control de la calidad del programa de Ingeniería Industrial de la Universidad de Ibagué"," Investigación, desarrollo e innovación",2006/11,2007/6
GINNOVA,Rediseño del Modelo CITE - Perú, Extensión y responsabilidad social CTI,,
GINNOVA,"Filosofía Seis Sigma, guía metodológica para las pequeñas y medianas empresas manufactureras del Tolima", Investigación y desarrollo,2006/5,2007/6
GINNOVA,"Diseño, desarrollo e implementación del sistema de gestión de calidad, según la norma ISO 17025 para el laboratorio de Suelos Concretos y Pavimentos de la Universidad de Ibagué."," Investigación, desarrollo e innovación",2006/3,2008/3
GINNOVA,ACOMPAÑAMIENTO NACIONAL A LA EVALUACIÓN EXTERNA QUE SE HARÁ DE LOS CDT Y CRP A TRAVÉS DE LA COOPERACIÓN TECNICA ESPAÑOLA-CORPORACION ANDINA DE FOMENTO (CAF), Investigación y desarrollo,2006/3,2007/2
GINNOVA,"Influencia de la cultura organizativa y el flujo de conocimiento sobre el rendimiento científico de los grupos de I+D tecnológicos. Aplicación en la Universidad Politécnica de Valencia. Plan Nacional de I+D, España (2004-2007)", Extensión y responsabilidad social CTI,,
GINNOVA,Rendimiento y Colaboración Cientifica en la Investigación Académica," Investigación, desarrollo e innovación",2006/1,2007/6
GINNOVA,"Diseño del sistema de gestión de calidad de la empresa SEAPTO S.A., bajo la norma ISO 9001:2000"," Investigación, desarrollo e innovación",2005/3,2006/10
GINNOVA,Proyecto Joven Investigador Innovador, Investigación y desarrollo,2005/1,Actual
GINNOVA,JOVEN INVESTIGADOR INNOVADOR, Extensión y responsabilidad social CTI,,
GINNOVA,Joven Investigador Innovador, Investigación y desarrollo,2005/1,2006/3
GINNOVA,ACOMPAÑAMIENTO NACIONAL A LA EVALUACIÓN EXTERNA QUE SE HARÁ DE LOS CDT Y CRP A TRAVÉS DE LA COOPERACIÓN TECNICA ESPAÑOLA-CORPORACION ANDINA DE FOMENTO (CAF), Investigación y desarrollo,2004/4,2005/11
GINNOVA,"Diseño del sistema de gestión de calidad de la Cámara de Comercio de Ibagué, bajo la norma ISO 9001:2000"," Investigación, desarrollo e innovación",2004/2,2005/2
GINNOVA,Modelo de gestión estratégica del sistema de operaciones para pymes manufactureras del Tolima con enfoque de productividad sistémica, Investigación y desarrollo,2004/1,2006/1
GINNOVA,Mejoramiento de los procesos de desarrollo y calidad de software, Extensión y responsabilidad social CTI,,
GINNOVA,Modelo de gestión de operaciones para pymes manufactureras del Tolima con enfoque de productividad sistémica, Investigación y desarrollo,2004/1,2006/12
GINNOVA,ACOMPAÑAMIENTO NACIONAL A LA EVALUACIÓN EXTERNA QUE SE HARÁ DE LOS CDT Y CRP A TRAVES DE LA COOPERACIÓN TÉCNICA ESPAÑOLA-CORPORACIÓN ANDINA DE FOMENTO (CAF), Investigación y desarrollo,2004/1,2005/Sin mes
GINNOVA,Modelo de gestión de operaciones para pymes manufactureras del Tolima con enfoque de Productividad Sistémica., Investigación y desarrollo,2004/1,2006/11
GINNOVA,Modelo de gestión de innovación para las Pymes de confección, Investigación y desarrollo,2003/1,Actual
GINNOVA,Diseño del Proceso de Compostación de Gallinaza en Granja Buenos Aires, Investigación y desarrollo,2001/1,2002/Sin mes
GINNOVA,"Montaje del Centro U-E, en grupo de trabajo interno de la institución"," Investigación, desarrollo e innovación",2001/1,2003/Sin mes
GINNOVA,"Homologación de la Productividad en Colombia, en convenio con el CPT.", Investigación y desarrollo,2001/1,2003/Sin mes
GINNOVA,"Transferencia  del método de medicion de la productividad basada en el valor agregado, con el CPT.", Investigación y desarrollo,2001/1,2004/Sin mes
GINNOVA,Diseño de un modelo de Gestión de calidad para la pequeña y mediana empresa manufacturera del Tolima, Investigación y desarrollo,2000/1,2002/Sin mes
GINNOVA,Justo a Tiempo y manufactura modular: una alternativa para mejorar la productividad en plantas de confección, Investigación y desarrollo,2000/1,2000/Sin mes
GINNOVA,InnovaciónTecnológica y su comportamiento en la industria textil. El caso Tolimense vs el caso Belga, Investigación y desarrollo,2000/1,2001/Sin mes
GINNOVA,Technology Transfer Processes between University-Industry., Investigación y desarrollo,2000/1,2000/Sin mes
GINNOVA,Sistematización integral de la Información en la Fábrica de Licores del Tolima, Extensión y responsabilidad social CTI,,
